ID_time,1650_59,1660_69
1,4316.55,0
2,1038.16,0
3,1175.47,0
4,1354.4,535.48
5,3210.46,1390.58
6,1307.63,2197.8
7,1337.67,1660.63
8,484.21,741.75
9,6578.95,612.91
10,952.38,1410.27
11,3107.88,1030.85
12,2110.88,351.56
13,1719.5,110.88
14,1474.42,1151.11
15,5535.06,640.15
16,5523.07,0
17,4825.74,803.07
18,3794.6,0
19,896.12,1600.28
20,973.46,1848
21,0,2082.61
22,916.59,2835.54
23,4109.59,1307.19
24,674.99,0
25,970.96,2063.24
26,1285.98,629.24
27,1241.33,2139.29
28,1202.24,484.97
29,1814.22,164.5
30,1403.04,972.45
31,0,968.68
32,621.29,221.04
33,912.05,1390.39
34,620.67,0
35,823.72,0
36,1080.41,98.57
37,2265.49,1539.28
38,1036.07,1749.15
39,605.18,1979.47
40,856.49,2160.29
41,758.66,0
42,838.19,0
43,1552.01,1726.22
44,403.12,899.28
45,1204.4,0
46,1270.78,0
47,1619.11,1479.29
48,520.02,2259.97
49,1372.38,3236.16
50,0,2031.96
51,1367.43,1094.09
52,716.16,4175.37
53,414.06,4383.56
54,1129.06,2793.3
55,814.29,1823.3
56,2289.64,0
57,1682.09,0
58,2531.65,1623.73
59,628.93,693.72
60,0,1338.69
61,1001,4250.8
62,1201.92,2976.19
63,973.71,1307.24
64,0,0
65,1864.28,0
66,5676.44,0
67,703.07,1100.38
68,1095.29,309.98
69,1733.53,1327.14
70,3153.52,2951.3
71,0,2436.32
72,2302.4,1290.32
73,425.08,2714.93
74,300.09,1856.34
75,766.02,3933.14
76,916.66,2144.18
77,456.54,2073.18
78,3389.54,907.94
79,1584.79,448.21
80,895.47,1166.51
81,1195.12,0
82,1206.92,616.78
83,818.5,1085.3
84,819.75,1694.92
85,366.61,1557.9
86,388.65,0
87,1398.44,1423.67
88,552.41,1168.74
89,1209.34,1092.37
90,772.24,1455.74
91,1159.43,1390.34
92,471.79,2416.63
93,1117.25,0
94,1104.78,2710.03
95,776.56,3613.99
96,0,1495.94
97,2352.98,1366.47
98,1068.47,1651.29
99,674.72,144.72
100,2286.59,2549.72
101,715.89,354.23
102,1861.57,1446.01
103,1229.56,700.03
104,1846.72,2525.78
105,479.23,1149.43
106,569.81,2691.07
107,1534.92,1101.32
108,255.9,1519.76
109,1998.67,1151.24
110,1905.99,0
111,2455.91,1634.12
112,725.16,1796.1
113,2286.59,1401.21
114,825.23,920.57
115,2105.26,383.55
116,567.08,1957.05
117,988.13,1136.82
118,619,2766.65
119,522.06,801
120,613.69,805.67
121,1899.8,1438.64
122,789.98,1049.82
123,1939.92,814.57
124,2056.79,740.19
125,1711.03,626.35
126,1118.21,726.99
127,1627.97,1223.49
128,2331.16,664.67
129,1190.67,882.43
130,1273.23,0
131,2728.2,2674.39
132,2459.72,425.84
133,1108.27,418.68
134,929.71,1641.09
135,1177.45,1064.86
136,1068.88,1001.8
137,381.58,1553.3
138,1191.01,801.77
139,1091.72,1046.98
140,2745.51,916.22
141,756.4,789.58
142,1134.41,881.89
143,1715.51,1061.22
144,1354.76,920.51
145,3666.55,951.38
146,1447.63,1268.39
147,1456.77,0
148,1164.5,862.25
149,1382.75,942.51
150,522.38,995.42
151,1242.24,4369.06
152,2580.95,2030.46
153,1717.75,1197.6
154,1797.56,1476.17
155,772.2,682.93
156,1104.48,754.83
157,1101.68,369.69
158,1759.82,2021.2
159,546.75,649.14
160,635.49,2516.63
161,1460.36,2227.55
162,0,1517.45
163,1120.09,0
164,1515.22,1233.18
165,3538.43,2144.08
166,497.76,1411.57
167,2928.26,2329.51
168,1213.78,1811.59
169,2450.93,1144.16
170,1341.36,1599.94
171,1472.84,1269.04
172,1212.73,1857.65
173,1837.52,2313.41
174,2184.01,0
175,1854.25,1888.25
176,1810.03,655.62
177,1513.85,468.46
178,3058.27,2069.61
179,2283.11,681.73
180,890.66,1479.42
181,2659.89,1124.02
182,697.59,1647.79
183,3265.84,804.07
184,979.01,2126.64
185,1688.14,936.99
186,924.87,2096.33
187,2121.71,0
188,1412.67,3003.62
189,1086.58,0
190,3779.92,2072.37
191,605.86,2816.9
192,876.42,2809.8
193,897.83,1540.29
194,667.07,0
195,809.49,1961.75
196,1013.46,2197.1
197,1519.45,613.16
198,0,1655.42
199,1572.91,3173.27
200,662.9,348.68
201,1345.38,1620.67
202,2443.82,0
203,1798.21,661.81
204,357.1,2339.76
205,1178.99,1173.65
206,1502.57,547.57
207,1220.11,2450.98
208,1169.63,537.23
209,1096.42,883.09
210,895.2,935.51
211,1364.35,1447.18
212,3458.41,1968.5
213,1429.08,837.5
214,299.4,2572.35
215,1106.35,1054.99
216,604.41,1183.88
217,2466.53,826.28
218,1321.97,64935.06
219,337.5,0
220,1216.59,787.63
221,486.74,767.07
222,243.82,2154.24
223,919.68,2659.03
224,1589.83,4076.09
225,1524.97,1601.66
226,441.11,1704.74
227,974.79,1175.62
228,904.49,1055.74
229,2213.88,893.01
230,474.64,1438.29
231,2173.32,1852.49
232,1221.66,1137.32
233,565.29,860.33
234,215.98,1268.65
235,351.49,1830.66
236,629.67,0
237,671.01,146.43
238,924.21,2990.24
239,1704.25,2062.41
240,927,2211.02
241,1477.42,482.86
242,2715.09,2374.17
243,3031.76,1152.74
244,2122.08,1305.2
245,1532.22,775.19
246,2501.84,1763.67
247,1789.46,1820.12
248,1440.42,1351.09
249,1849.58,1587.34
250,2714.97,2068.2
251,1321.03,1664.53
252,1759.52,1920
253,2495.19,1830.83
254,1711.73,1367.84
255,2333.6,1340.48
256,1090.78,0
257,2997.55,2121.64
258,1380.74,2310.92
259,2850.02,2089.14
260,3030.88,824.54
261,0,1437.81
262,0,4151.59
263,827.21,1400.92
264,1063.53,1143.89
265,744.76,1527.19
266,1832.5,446.63
267,3957.78,2600.78
268,837.87,0
269,0,0
270,1731.6,849.33
271,1161.78,1337.1
272,1524.81,1250.78
273,0,0
274,1315.52,2102.67
275,1912.57,1921.81
276,0,79.24
277,799.04,1429.03
278,655.74,1619.35
279,1052.35,0
280,1723.29,1228.22
281,1570.65,2104.52
282,0,1387.59
283,0,1831.5
284,1132.74,1338.69
285,1539.26,882.03
286,978.54,1935.38
287,1425.36,0
288,1247.66,2525.68
289,1850.61,1313.72
290,4658.39,2865.03
291,580.59,1302.91
292,843.43,961.45
293,2407.17,1090.13
294,1424.35,2063.92
295,3625.45,546.25
296,932.1,1376.9
297,1514.76,1555.54
298,3008.17,565.24
299,1822.03,520.65
300,1678.83,963.55
301,3012.05,286.86
302,964.01,2002.4
303,0,672.99
304,520.29,864.15
305,0,587.03
306,1217.23,735.79
307,958.43,847.17
308,0,788.84
309,1337.22,1285.54
310,2078.57,0
311,610.1,813.84
312,0,1778
313,1609.01,3816.79
314,1142.93,435.11
315,1911.71,1149.21
316,852.11,1356.34
317,1022.86,1050.26
318,1888.57,2260.27
319,3351.96,2004.89
320,1316.59,1221.68
321,1041.53,357.4
322,1607.72,1781.5
323,2465.91,337.13
324,2373.42,338.52
325,1664.45,3412.97
326,1591.09,2088.82
327,5421.47,3848.5
328,1042.5,686.6
329,1745.2,885.18
330,941.46,885.46
331,1611.11,2506.27
332,2510.99,0
333,1060.51,1917.28
334,1497.5,1820.68
335,1353.75,1643.39
336,3923.56,3696.86
337,1539.49,969.93
338,1455.45,3192.53
339,729.75,1497.01
340,1783.81,629.92
341,4119.46,1286.17
342,1935.92,2511.83
343,0,2000.97
344,947.78,4555.59
345,1148.88,666.61
346,1733.73,1036.51
347,1555.45,1177.39
348,1504.89,256.31
349,978.18,948.47
350,2085.66,971.82
351,1047.99,2673.8
352,563.7,3672.46
353,575.5,2577.54
354,2087.86,807.27
355,1608.6,1333.78
356,1057.88,796.94
357,1436.4,0
358,593.13,1010.31
359,257.82,1080.3
360,1234.75,539.33
361,1041.6,1561.5
362,1666.67,1837.78
363,829.68,2803.98
364,607.56,2026.64
365,951.33,1367.05
366,964.76,1656.59
367,686.25,665.78
368,997.41,1203.24
369,1718.63,1102.13
370,1806.87,1310.04
371,1656.64,570.47
372,760.88,779.88
373,1226.18,1669.85
374,801.47,751.6
375,1079.87,2351.33
376,523.65,3022.97
377,1557.18,1299.26
378,2114.5,1642.5
379,941.24,940.56
380,1205.64,816.76
381,2259.39,2234.14
382,904.66,1119.66
383,2231.77,1710.13
384,1200.31,1686.06
385,1466.04,2811.24
386,1336.47,0
387,1293.34,0
388,883.5,2726.45
389,942.09,2721.5
390,1479.92,0
391,823.47,3918.15
392,1464.13,4115.23
393,0,2976.68
394,1284.57,2980.13
395,1302.16,0
396,1418.94,5813.95
397,1116.89,1445.61
398,696.99,0
399,2066.47,12184.99
400,2134.02,1745.2
401,0,7984.03
402,2719.85,2298.85
403,9345.79,0
404,0,2308.98
405,0,1156.74
406,3203.07,2387.58
407,0,0
408,2654.44,4286.59
409,0,0
410,1165.45,4444.44
411,1854.8,3351.96
412,0,5025.13
413,388.8,1992.03
414,1794.04,3875.97
415,904.98,0
416,1109.88,2164.5
417,2865.51,7284.77
418,2463.37,4347.83
419,1820.21,0
420,2810.39,6853.58
421,1422.12,3546.1
422,878.21,4395.6
423,4566.21,0
424,1022.53,0
425,1376.71,0
426,1592.56,0
427,1642.12,1855.29
428,2734.84,2450.98
429,657.03,2638.52
430,2476.06,0
431,1697.79,2551.02
432,879.8,0
433,911.82,0
434,1072.96,4854.37
435,0,0
436,1142.05,3194.89
437,684.79,1059.32
438,1775.75,4761.9
439,402.51,0
440,1182.73,2881.84
441,1914.14,2849
442,0,3766.48
443,1888.96,0
444,1912.45,6191.95
445,1445.12,0
446,1120.28,0
447,594.97,3215.43
448,1251.15,4008.02
449,1961.04,2044.99
450,2076.22,2512.56
451,1092.39,3344.48
452,1543.04,1972.39
453,2290.95,10869.57
454,1540.09,2327.39
455,2091.81,0
456,1485.58,1953.13
457,0,0
458,1937.98,0
459,2436.05,0
460,3857.28,1492.54
461,2285.71,1364.26
462,3015.68,5025.13
463,1646.39,5181.35
464,510.73,5128.21
465,1142.22,4338.39
466,822.37,3289.47
467,847.77,0
468,2411.19,3215.43
469,1248.56,2087.68
470,645.16,4234.3
471,1060.28,1479.29
472,2514.38,874.89
473,1463.82,4357.3
474,1559.41,5668.93
475,1024.24,2528.45
476,1216.43,6722.69
477,1259.45,4446.91
478,1635.96,3623.19
479,2033.72,3420.75
480,1708.43,4040.4
481,664.08,5738.88
482,1319.26,3955.7
483,1621.82,5405.41
484,1569.86,5405.41
485,279.96,6814.31
486,1119.03,6802.72
487,2871.5,2127.66
488,3785.19,5976.1
489,1793.48,7220.22
490,1072.15,7042.25
491,408.9,0
492,1015.95,3311.26
493,291.55,1805.05
494,0,1733.1
495,3033.45,8264.46
496,2976.6,11481.06
497,1442.27,3322.26
498,1217.96,4277.16
499,0,0
500,1263.54,1477.1
501,587,2604.17
502,1868.84,912.83
503,726.83,633.41
504,2842.7,1092.27
505,6485.08,1435.32
506,892.86,2087.15
507,0,0
508,392.46,464.68
509,1455.6,1118.88
510,0,1746.72
511,0,7996.24
512,0,1179.71
513,0,1012.77
514,962.46,1482.21
515,1503.97,1452.92
516,2553.62,0
517,1384.08,1817.38
518,1968.8,1953.13
519,1194.34,2544.53
520,1073.99,3722.5
521,769.57,3060.11
522,3882.51,4766.16
523,769.82,3103.52
524,0,2877.38
525,0,1867.66
526,0,1344.41
527,0,1444
528,5524.86,1666.57
529,0,477.55
530,1831.5,3127.44
531,1390.5,938.09
532,758.15,1250.68
533,4583.92,1283.77
534,5142.59,2546.53
535,0,2059.71
536,0,2757.17
537,0,2399
538,0,2148.12
539,1703.82,2133.27
540,866.64,2864.33
541,302.3,968.99
542,2403.73,1636.91
543,0,2176.19
544,0,1028.15
545,1031.99,833.51
546,0,1239.46
547,0,1633.22
548,0,1659.92
549,0,2190.27
550,10638.3,1454.35
551,1369.86,1286.46
552,2564.1,1821.03
553,1276.87,1658.48
554,1067.09,1147.89
555,749.25,386.96
556,2135.61,1777.83
557,1795.57,1167.13
558,1249.68,1991.33
559,0,550.96
560,1143.06,1995.51
561,1335.94,1053.74
562,431.55,1297.12
563,1369.86,456
564,2652.29,642.81
565,514.27,3942.18
566,2170.87,1234.71
567,1404.86,2382.42
568,4374.94,2698.33
569,3226.12,1410.45
570,2703.13,1570.16
571,3562.34,0
572,1837.51,1722.65
573,1488.1,1799.73
574,869.23,0
575,2775.93,1218.03
576,1275.51,905.63
577,2684.56,839.63
578,800.02,1094.51
579,887.86,1563.55
580,0,0
581,1188.35,0
582,1577.6,1035.39
583,880.37,1841.73
584,504.98,814.81
585,2324.91,2348.49
586,207.86,881.78
587,179.37,628.9
588,1115.72,408.98
589,1295.04,704.38
590,0,1213.22
591,0,903.58
592,0,1354.65
593,0,770.91
594,765.15,0
595,1377.85,502.51
596,1385.59,728.33
597,2240.9,1071.25
598,1893.94,614.08
599,799.68,958.07
600,2912.62,1293.18
601,1168.22,808.63
602,295.68,2346.28
603,1239.89,2204.41
604,1791.97,3054.23
605,2743.48,2795.25
606,1763.21,598.44
607,723.59,1006.04
608,1247.84,1870.1
609,488.24,3855.05
610,687.29,4310.34
611,2511.72,1195
612,2056.56,1017.29
613,759.65,438.02
614,1837.07,559.49
615,1527.02,2301.31
616,1657.07,1353.77
617,709.19,1174.97
618,1305.66,1112.01
619,1245.58,1189.53
620,614.74,808.35
621,201.41,1059.7
622,515.86,1030.28
623,1742.16,950.23
624,3894.47,2114.16
625,1660.65,982.87
626,690.13,2840.43
627,1116.07,1269.98
628,1912.68,1609.4
629,1796.14,1301.24
630,1807.23,1083.42
631,604.12,1940.81
632,892.01,1389.53
633,1489.92,1534.53
634,0,982.32
635,1112.35,14.66
636,1876.17,863.71
637,0,0
638,1941.51,749.44
639,686.25,709.34
640,949.67,2538.07
641,2045.59,808.41
642,1291.36,0
643,2408.19,686.72
644,1586.67,681.77
645,1814.88,2789.79
646,1930.95,1658
647,1832.74,1773.11
648,744.38,2852.52
649,1302.25,2163.67
650,1405.89,2123.73
651,2303.84,838.22
652,2424.64,916.37
653,2163.72,0
654,1235.58,1356.85
655,1701.23,4054.05
656,1586.13,835.11
657,1291.84,1409.34
658,1385.17,2663.18
659,2108.11,0
660,1237.43,1579.28
661,1280.13,0
662,2313.48,0
663,2109,1438.85
664,1772.53,1357.59
665,3451.35,306.94
666,0,0
667,2067.95,469.26
668,2334.47,1091.31
669,2165.21,2049.05
670,0,1639.34
671,822.37,1746.61
672,912.04,1756.59
673,1594.14,1621.34
674,149.64,1027.75
675,808.97,1390.38
676,574.88,1877.52
677,184.06,1867.61
678,442.09,840.38
679,3553.66,778.21
680,1100.41,2214.65
681,0,1990.05
682,1214.33,2421.31
683,761.9,754.15
684,0,943.49
685,1150.68,1381.13
686,987.17,343.45
687,940.73,872.01
688,4221.26,1808.32
689,1476.33,2191.38
690,1115.72,2237.56
691,360.63,684.31
692,1072.79,754.43
693,0,1437.42
694,1277.09,3800
695,818.63,3075.6
696,1263.02,1727.12
697,1083.42,1020.6
698,1427.05,1524.22
699,2473.04,579.69
700,617.25,0
701,1525.32,0
702,2766.42,0
703,907.05,791.63
704,0,781.64
705,919.24,2059.03
706,1597.13,1236.99
707,1596.66,957.27
708,464.51,1837.56
709,1188.83,4207.57
710,2548.64,1254
711,220.92,1296.68
712,1197.71,2283.11
713,3437.82,2144.2
714,0,2022.27
715,1487.04,2312.72
716,550.43,1695.93
717,882.4,2025.63
718,0,1115.19
719,1315.79,1030.99
720,350.14,1446.34
721,2400.88,838.01
722,1816.15,1254.57
723,1229.77,1428.82
724,2487.07,817.46
725,0,1166.24
726,0,1619.4
727,2540.42,1956.9
728,0,360.18
729,596.78,270.87
730,1644.14,1680.47
731,2748.51,419.46
732,1489.98,350.88
733,1202.73,1933.21
734,1993.39,740.05
735,2085.42,521.1
736,0,3802.45
737,1803.08,3657.25
738,1541.34,3113.11
739,1367.99,2181.03
740,1502.21,117.47
741,1971.09,1061.01
742,1500.29,0
743,1061.85,410
744,1929.2,2688.17
745,2303.28,2655.45
746,2507.33,805.9
747,411.13,2046.96
748,2763.96,930.15
749,896.57,976.56
750,1592.08,2985.07
751,0,0
752,766.12,4285.16
753,2062.84,613.81
754,2412.17,3543.81
755,2002,14388.49
756,2168.2,0
757,1240.03,0
758,1175.46,7575.76
759,409.87,754.91
760,500.13,0
761,697.84,1290.49
762,1234.03,0
763,690.61,2169.2
764,3095.98,2070.39
765,571.76,0
766,1006.31,0
767,0,2101.72
768,1499.44,0
769,2919.46,2288.33
770,1777.46,0
771,1088.35,0
772,582.11,0
773,414.42,0
774,1779.39,0
775,485.59,5000
776,946.67,974.42
777,2228.1,1620.75
778,1420.92,0
779,2097.47,0
780,1150.83,630.61
781,1221.44,2180.23
782,3984.06,3129.69
783,2046.85,665.44
784,2974.51,2417.32
785,2015.38,503.02
786,1652.89,1823.39
787,0,1056.75
788,0,0
789,1583.98,758.99
790,779.34,2788.43
791,906.62,451.88
792,1261.83,1364.36
793,1262.63,2152.63
794,3348.68,976.84
795,2472.19,1744.19
796,891.07,451.47
797,0,1378.8
798,2429.54,1831.87
799,861.97,1735.58
800,2270.57,0
801,607.16,0
802,1512.57,0
803,703.1,2026.7
804,1738.78,4023.69
805,0,877.16
806,1741.08,1117.69
807,2393.16,2009.01
808,874.56,0
809,721.28,1494.77
810,1004.6,1533.74
811,3785.78,1972.39
812,1799.26,2403.85
813,1815.62,1384.08
814,3303.2,1137.66
815,1215,1388.73
816,1860.97,524.42
817,858.71,2488.87
818,1320.45,0
819,1815.85,1793.72
820,2120.42,1328.46
821,1195.34,509.79
822,2679.1,0
823,3368.8,1719.69
824,2264.68,1269.04
825,2034.76,728.6
826,2343.18,0
827,1961.36,672.72
828,2785.04,0
829,2143.01,893.26
830,2039.39,1217.72
831,3489.73,3147.11
832,2899.42,558.66
833,809.41,975.61
834,1450.66,0
835,1237.66,3424.66
836,1855.21,1643.66
837,1006.13,1323.21
838,797.66,0
839,1373.25,798.64
840,666.13,2060.16
841,559.71,713.79
842,1595.32,715.05
843,1227.36,11254.02
844,1480.56,1803.91
845,1843.35,1899.43
846,1409.44,1810.27
847,0,1153.16
848,1062.08,1100.95
849,1943.45,1942.15
850,1577.93,777.91
851,3516.85,2114.16
852,1903.8,2162.16
853,881.22,2212.39
854,1102.51,2200.22
855,2484.25,2537.49
856,2205.07,667.16
857,980.76,1018.93
858,508.82,1121.08
859,2552.91,1367.83
860,1641.9,1568.7
861,523.56,1070.79
862,0,0
863,435.35,2493.12
864,1361.47,2758.08
865,1753.83,2156.5
866,1105.98,818.33
867,1574.24,670.48
868,917.17,768.37
869,1170.13,1259.45
870,1904.07,2000
871,3842.77,4098.36
872,310.01,2100.62
873,973.63,811.42
874,614.39,1048.07
875,1345.17,902.47
876,745.24,6451.61
877,1331.75,965.25
878,467.46,0
879,1366.98,0
880,1565.17,3910.92
881,110.93,293.21
882,1333.38,1259.76
883,1470.32,613.12
884,972.21,653.17
885,2819.99,2193.46
886,696.32,0
887,807.38,439.66
888,1356.01,225.48
889,1745.6,4375.5
890,1399.24,0
891,3404.67,4540.3
892,2884.7,1209.74
893,724.96,2969.56
894,2211.62,0
895,965.56,4040.4
896,1648.72,1294.96
897,601.19,582.55
898,1137.84,657.03
899,880.09,2424.66
900,931.97,1134.44
901,1140.09,2161.83
902,1272.26,2024.29
903,1231.53,654.88
904,2313.64,654.31
905,2096.81,1581.75
906,755.93,1995.77
907,217.27,0
908,1482.36,1548.64
909,1336.74,2555.37
910,734.75,2151.22
911,232.07,258.53
912,2611.48,1446.52
913,148.41,719.17
914,1701.73,1190.17
915,370.97,2034.26
916,847.94,412.88
917,1276.79,844.41
918,333.29,4299.08
919,503.1,779.12
920,2780.55,2576.81
921,560.51,986
922,2315.66,1484.55
923,1191.99,4639.9
924,1307.25,0
925,1835.7,979.24
926,1685.53,819
927,6194.69,488.62
928,2209.13,2483.96
929,1197.6,1610.31
930,1199.27,404.8
931,461.68,1314.35
932,2014.84,525.69
933,1176.82,531.07
934,1142.45,1324.22
935,861.63,2320.86
936,838.1,0
937,1282.14,826.86
938,1997.23,0
939,1266.42,406.34
940,2017.28,2973.03
941,910.19,360.84
942,1115.89,2076.16
943,1421.4,891.36
944,1021.9,0
945,840.63,344.04
946,1427.89,560.85
947,645.64,2846.59
948,904.51,2432.19
949,676.95,802.95
950,1187.16,1504.75
951,2600,777
952,1501.18,978.74
953,1272.93,1036.48
954,886.38,1379.63
955,1247.81,1382.97
956,948.27,1691.09
957,2973.59,298.86
958,1118.2,0
959,1026.98,973.09
960,1881.14,638.74
961,748.25,447.38
962,1112.52,900.09
963,3982.08,868.62
964,4920.91,2932.55
965,1813.24,2010.05
966,1272.23,1350.05
967,998.41,2443
968,2012.47,1889.36
969,1202.98,607.37
970,1429.69,2229.85
971,602.42,1644.47
972,1531.39,1525.48
973,996.24,1043.3
974,1302.58,1649.9
975,1557.11,1285.23
976,4754.36,1066.3
977,386.55,6080.54
978,981.6,1034.52
979,946.6,1244.36
980,0,1580.78
981,1926.83,1246.37
982,1190.88,1787.55
983,0,870.13
984,916.42,1413.62
985,1315.75,1600.51
986,950.41,0
987,3563.47,0
988,1640.63,3185.34
989,641.64,2610.97
990,3163.08,5421.69
991,339.4,2433.09
992,774.89,2838.89
993,899.69,2990.43
994,1405.9,2242.87
995,805.42,1266.4
996,851.79,0
997,0,1915.71
998,1432.28,2679.53
999,729.39,1434.03
1000,1102.73,613.31
1001,2066.12,5964.21
1002,801.71,1336.9
1003,0,3152.28
1004,0,1489.87
1005,0,898.74
1006,1158.45,2435.81
1007,1160.26,1028.75
1008,1156.83,310.62
1009,1235.7,761.38
1010,1399.76,505.49
1011,2247.82,1518.75
1012,1830.87,1158.43
1013,1834.86,1136.23
1014,1375.11,1714.94
1015,3859.76,0
1016,544.15,0
1017,1382.59,2239.13
1018,3811.25,1797.56
1019,2079.58,2859.01
1020,1803.78,2602.43
1021,2039.63,903.89
1022,3275.95,1719.2
1023,0,1138.04
1024,0,924.21
1025,86.98,1889.47
1026,1577.63,0
1027,2200.11,597.85
1028,2549.07,1851.85
1029,1603.59,1550.31
1030,622.28,1254.26
1031,1139.6,1366.59
1032,0,431.5
1033,938.83,1014.27
1034,2382.2,999.23
1035,1314.72,1321.88
1036,883.27,1071.22
1037,769.97,1046.81
1038,854.88,887.06
1039,972.72,1026.56
1040,1438.37,597.45
1041,1983.58,1236.86
1042,1007.85,0
1043,1467.56,0
1044,2133.85,781.42
1045,1247.66,0
1046,1342.01,1085.78
1047,0,0
1048,0,1875.15
1049,1753.36,1455.25
1050,1907.13,1071.24
1051,1690.62,199.7
1052,1679.6,2256.49
1053,1306.21,1084.6
1054,382.26,0
1055,1943.4,472.14
1056,1354.19,1861.4
1057,1310.48,1454.37
1058,2994.16,1578.18
1059,1864.8,2270.52
1060,1833.6,475.51
1061,0,2103.45
1062,0,1318.83
1063,0,1220.42
1064,722.54,107.49
1065,2129.22,587.85
1066,0,668.14
1067,0,2009.24
1068,845.41,1015.69
1069,618.83,716.52
1070,2331.27,460.03
1071,1846.04,3071.17
1072,1354.43,4255.32
1073,3060.73,0
1074,4189.94,350.54
1075,1544.07,839.9
1076,2388.77,533.48
1077,1374.89,674.1
1078,2116.27,1407.99
1079,931.48,2010.72
1080,1912.05,919.96
1081,1629.38,760.26
1082,938.05,777.41
1083,881.62,1546.51
1084,1222.67,1330.62
1085,954.77,926.11
1086,2985.07,1370.52
1087,1834.86,1125.07
1088,2305.99,519.62
1089,1682.54,0
1090,7481.3,186.79
1091,2323.64,380.05
1092,1897.61,3059.02
1093,1211.3,1349.04
1094,1972.56,759.88
1095,1816.6,1960.78
1096,2262.84,1372.61
1097,0,1379.37
1098,938.42,2097.32
1099,0,1453.91
1100,2581.31,0
1101,1378.36,2900.08
1102,4054.05,450.86
1103,0,1035.95
1104,1970.44,2257.34
1105,1137.16,1375.79
1106,1668.3,1726.63
1107,2631.58,2772.5
1108,1338.69,446.54
1109,896.52,1182.03
1110,2562.53,1138.56
1111,1239.67,2426.19
1112,2414.43,0
1113,367.15,4145.53
1114,478.47,1355.54
1115,1283.7,2439.02
1116,549.15,687.12
1117,3322.01,0
1118,1537.2,1406.47
1119,2115.61,1807.09
1120,1981.04,1033.98
1121,980.76,2678.43
1122,2383.79,2633.59
1123,5045.41,1684.35
1124,976.56,2267.43
1125,238.89,1401.68
1126,1658.37,869.34
1127,998,1153.59
1128,685.4,1314.03
1129,3086.42,885.25
1130,196,925.43
1131,1384.32,1258.41
1132,2463.87,2574.64
1133,933.31,2339.66
1134,469.92,756.57
1135,772.44,801.6
1136,1460.92,596.66
1137,1233.61,4726.43
1138,3699.14,833.33
1139,2398.08,1460.92
1140,8163.27,1082.25
1141,0,3021.15
1142,0,2073.26
1143,1874.41,989.12
1144,976.56,1024.65
1145,1488.1,2346.27
1146,1734.05,1678.92
1147,1888.74,0
1148,1209.37,0
1149,1077.53,1383.33
1150,1148.77,1368.14
1151,0,3119.5
1152,1893.07,1380.14
1153,2297.75,2624.05
1154,1396.37,1123.23
1155,1425.18,484.61
1156,1751.77,831.42
1157,0,275.18
1158,743.06,1515.15
1159,1155.18,0
1160,1769.04,2814.26
1161,1437.35,0
1162,2060.44,732.42
1163,429.61,925.72
1164,1417.75,559.26
1165,577.55,245.22
1166,814.33,2190.25
1167,853.34,1261.88
1168,2276.75,837.17
1169,1613.56,964.47
1170,1894.86,1656.73
1171,0,1517.19
1172,2936,2184.26
1173,1918.77,657.07
1174,1584.79,1561.53
1175,2071.11,2497.01
1176,1559.24,941.9
1177,0,829.74
1178,791.14,1765.48
1179,3423.76,457.93
1180,3065.72,1315.33
1181,1208.4,1209.15
1182,879.49,2720.56
1183,1035.89,1124.49
1184,1513.16,675.83
1185,2902.76,1746.29
1186,711.82,0
1187,2205.07,398.01
1188,1554.33,1390.49
1189,708.94,0
1190,2100.77,1034.46
1191,747.41,1062.7
1192,924,2354.4
1193,0,900.85
1194,695.34,404.6
1195,1969.68,578.82
1196,0,2992.22
1197,1183.23,2637.59
1198,1451.16,1320.46
1199,2419.11,679.64
1200,1530.72,579.14
1201,1720.75,1292.98
1202,1576.04,1931.81
1203,3375.76,1179.94
1204,659.69,1286.9
1205,3034.39,2293.95
1206,1310.62,1870.91
1207,2525.25,1964.31
1208,770.21,3512.94
1209,1831.5,2986.51
1210,1582.58,1707.75
1211,826.83,914.81
1212,0,685.59
1213,276.4,2122.81
1214,2412.49,1263.44
1215,410.45,1235.74
1216,445.4,2902.23
1217,0,5681.82
1218,3820.03,400.64
1219,0,1011.53
1220,0,126.17
1221,2221.34,1981.77
1222,1199.38,0
1223,943.22,681.66
1224,1785.98,390.82
1225,1916.36,0
1226,505.31,0
1227,3014.31,1536.1
1228,1896.46,1927.53
1229,1561.97,3815.9
1230,1021.89,1093.16
1231,1861.82,0
1232,1654.4,1631.43
1233,1536.54,1663.2
1234,1853.08,494.59
1235,1128.38,951.9
1236,1307.95,804.46
1237,1623.15,1037.94
1238,1518.83,1676.75
1239,1374,2659.57
1240,2842.93,1930.71
1241,1169.72,786.5
1242,591.02,1212.54
1243,1154.4,2911.21
1244,1301.93,0
1245,646.28,1362.74
1246,1139.6,872.83
1247,204.02,811.43
1248,1433.52,1486.41
1249,746.91,1770.76
1250,2556.35,1214.67
1251,2020.94,590.84
1252,2436.76,1302.23
1253,1576.69,1158.08
1254,1141.04,1695.05
1255,946.24,3787.88
1256,704.25,2235.8
1257,757.18,2160.1
1258,1387,1429.25
1259,675.1,350.09
1260,693.56,1343.87
1261,567.58,842.46
1262,1516.3,5617.98
1263,2333.72,1464.45
1264,842.99,1230.01
1265,560.59,2596.95
1266,1239.4,0
1267,621.94,2130.18
1268,1226.11,1180.92
1269,2506.27,572.74
1270,1654.73,1596.84
1271,0,959.81
1272,0,2778.5
1273,1875.97,1309.05
1274,2910.26,1893.68
1275,897.27,861.08
1276,1000.4,811.95
1277,1801.42,903.07
1278,889.71,2721.31
1279,908.68,575.54
1280,2877.89,1386.75
1281,1628.9,1643.15
1282,1102.88,1556.93
1283,2456.1,1599.15
1284,2067.54,767.54
1285,3274.78,643.29
1286,1641.67,2723.08
1287,572,1602.74
1288,1288.13,1436.58
1289,1254.05,608.64
1290,1830.35,2621.23
1291,1531.76,0
1292,1589.4,649.11
1293,829.64,448.29
1294,1326.91,472.81
1295,1006.33,0
1296,748.01,6052.75
1297,1985.91,793.71
1298,1872.33,1377.2
1299,0,0
1300,814.46,0
1301,2470.47,2059.73
1302,1409.39,2600.01
1303,0,18826.14
1304,540.23,2183.32
1305,647.25,3984.06
1306,2311.61,4283.67
1307,990.82,2450.98
1308,1532.22,2369.67
1309,544.37,1165.77
1310,1923.45,0
1311,2920.32,0
1312,139.37,0
1313,2294.28,1798.56
1314,490.92,0
1315,858.26,0
1316,0,0
1317,1718.31,0
1318,415.71,1492.54
1319,2118.31,7731.96
1320,879.12,2096.44
1321,1097.39,5111.24
1322,938.09,4761.9
1323,1538.46,0
1324,1523.06,1623.38
1325,0,1672.24
1326,902.53,0
1327,669.79,13689.25
1328,1284.8,3024.19
1329,273.82,11444.92
1330,1592.95,6841.51
1331,904.06,0
1332,10380.62,0
1333,2115.44,1951.22
1334,613.5,8658.01
1335,1392.11,1850.14
1336,1503.5,1598.72
1337,1008.71,7731.96
1338,1364.72,4250.15
1339,2298.32,821.02
1340,2740.71,0
1341,1007.16,1272.26
1342,1929.23,0
1343,475.96,0
1344,1503.76,4535.15
1345,0,1934.24
1346,1690.91,10050.25
1347,2099.96,10309.28
1348,1852.52,10256.41
1349,1524.59,10101.01
1350,1190.23,10101.01
1351,434.22,10000
1352,667.39,9900.99
1353,1954.65,9615.38
1354,2464.57,0
1355,2032.52,0
1356,542.46,0
1357,673.34,0
1358,335.7,0
1359,0,2283.11
1360,1305.24,3663
1361,1381.98,1039.5
1362,4629.63,1383.13
1363,0,842.7
1364,1833.09,0
1365,0,325.06
1366,907.21,658.11
1367,1359.93,1271.88
1368,839.28,0
1369,1942.75,1440.32
1370,560.76,1256.28
1371,811.88,5154.64
1372,1024.46,1667.36
1373,271.37,1169.36
1374,2423.26,1362.68
1375,2254.28,2148.54
1376,996.21,1173.5
1377,1540.83,2593.26
1378,2327.9,0
1379,1842.72,1258.17
1380,4757.49,2684.56
1381,0,0
1382,1107.62,2470.36
1383,872.58,1859.21
1384,3887.19,1004.4
1385,2567.94,1727.4
1386,409.08,3156.79
1387,1450.96,1096.69
1388,915.09,953.05
1389,2145.44,525.74
1390,2539.95,744.43
1391,2124.04,1019.84
1392,258.2,1070.53
1393,2176.48,1271.64
1394,0,1267.95
1395,1334.04,1601.56
1396,2266.17,1120
1397,1209.72,677.97
1398,1115.28,1643.75
1399,1509.46,1013.62
1400,2316.6,621.5
1401,972.47,1256.86
1402,353.22,1075.08
1403,798.91,0
1404,3690.75,679.35
1405,919.54,859.85
1406,610.05,1391.08
1407,551.05,888.17
1408,1248.96,1302.2
1409,1051.57,1312.12
1410,845.1,1831.98
1411,1314.92,2013.23
1412,4347.83,691.04
1413,2016.89,1982.63
1414,2741.43,1077.46
1415,1518.6,834.91
1416,2031.19,1799.78
1417,3543.6,1241.66
1418,1571.18,1030.17
1419,779.42,1216
1420,1120.79,2357.65
1421,1077.18,1232.24
1422,992.06,2383.69
1423,600.72,1535.24
1424,1914.16,1761.97
1425,1366.81,2244.54
1426,1159.07,1252.44
1427,1053.39,902.82
1428,1353.18,1148.92
1429,4103.62,1342.76
1430,423.01,1207.14
1431,0,2278.7
1432,1096.39,1085.85
1433,2394.06,1320.11
1434,637.76,567.7
1435,1116.49,1810.16
1436,911.75,713.35
1437,2389.75,1293.1
1438,544.01,553.59
1439,1231.45,1015.43
1440,1155.84,1865.88
1441,686.89,2053.96
1442,3170.03,736.38
1443,2123.89,736.92
1444,2994.01,750.19
1445,3153.25,0
1446,1019.15,0
1447,1601.77,632.01
1448,1164.69,710.23
1449,1759.6,2019.57
1450,2162.16,8333.33
1451,777.15,3843.2
1452,693.63,914.4
1453,566.79,732.94
1454,736.38,1778.44
1455,1860.42,844.59
1456,2970.04,857.98
1457,1190.48,1572.86
1458,1392.2,880.28
1459,607.72,943.84
1460,2323.62,1840.17
1461,1046.49,389.95
1462,981.01,1050.29
1463,700.46,671.01
1464,271.74,2500
1465,2453.68,397.91
1466,1002.11,911.01
1467,1132.18,692.77
1468,459.56,516.66
1469,579.71,0
1470,1107.93,2740.03
1471,0,2081.7
1472,982.64,0
1473,821.75,207.51
1474,842.22,2305.92
1475,1858.24,1334.86
1476,2536.78,1906.58
1477,1734.05,2360.35
1478,1358.21,1875.44
1479,1677.02,2171.88
1480,2814.46,720.2
1481,1579.92,1767.1
1482,1021.28,2517.5
1483,5750.56,419.32
1484,1027.34,886.31
1485,4079.09,0
1486,782.88,0
1487,820.06,1056.52
1488,841.85,1791
1489,613.12,1013.9
1490,1350.86,2154.79
1491,590.32,979.36
1492,356.51,1063.41
1493,1010.39,920.13
1494,2307.72,0
1495,3408.27,0
1496,1534.6,0
1497,918.44,1072.06
1498,305.32,1535.54
1499,872,1595.04
1500,4407.83,1172.36
1501,1447.64,2653.76
1502,1721.25,941.71
1503,1338.33,1602.76
1504,1299.91,1328.76
1505,950.01,1531.65
1506,2103.05,1758.55
1507,709.51,1674.91
1508,1663.68,1899.83
1509,1891.25,2089.09
1510,1468.29,3583.45
1511,2243,2955.11
1512,577.73,915.44
1513,582.23,1523.55
1514,1948.34,0
1515,965.25,1561.69
1516,2431.7,689.66
1517,713.34,0
1518,3854.14,0
1519,1328.37,4171.63
1520,3854.68,0
1521,564.38,3034.9
1522,1322.56,4283.27
1523,696.79,5847.95
1524,1529.99,196.04
1525,2718.87,2749.14
1526,567.67,2440.21
1527,1066.95,850.56
1528,1011.18,399.68
1529,1338.26,3158.56
1530,1885.73,1583.03
1531,620.68,1838.4
1532,1262.87,2051.28
1533,344.71,2648.91
1534,0,0
1535,1634.69,0
1536,2097.97,1268.65
1537,584.94,2562.53
1538,3146.63,639.28
1539,1082.25,2044.99
1540,584.67,1420.86
1541,1984.89,1591.39
1542,899.13,1093.19
1543,1377.06,0
1544,1791.43,2024.53
1545,424.85,1064.96
1546,1309.51,2232.89
1547,1336.76,1232.65
1548,563.71,1200.56
1549,791.23,2204.59
1550,1101.32,2277.17
1551,3309.2,1100.11
1552,1013.99,1228.64
1553,1890.51,560.22
1554,947.39,4435.02
1555,1910.93,1659.35
1556,1772.55,518.92
1557,853.88,1785.71
1558,1153.3,2858.83
1559,1722.62,3322.26
1560,956.37,1139.6
1561,895.5,0
1562,1783.44,13.58
1563,1248.07,425.53
1564,1838.65,705.72
1565,1035.93,1438.33
1566,1886.24,1106.62
1567,670.8,904.74
1568,1548.03,1333.43
1569,844.36,1728.82
1570,2111.32,1910.92
1571,1866.21,1116.94
1572,3845.66,2301.29
1573,1388.67,4813.03
1574,3687.82,1476.51
1575,1166.59,0
1576,821.29,0
1577,7858.55,0
1578,2356.22,2796.9
1579,991.59,0
1580,1833.9,1240.94
1581,770.71,525.21
1582,2498.2,640.1
1583,526.69,1100.72
1584,344.41,1241.33
1585,811.13,1254.38
1586,999.77,1853.82
1587,0,1507.57
1588,350.34,2080.79
1589,971.11,861.47
1590,1292.91,1495.89
1591,1517.65,4286.59
1592,785.46,2183.88
1593,785.04,796.97
1594,848.98,558.69
1595,1316.03,2049.18
1596,2286.81,2733.02
1597,1667.09,2205.03
1598,1381.22,507.9
1599,851.48,1746.72
1600,0,3226.38
1601,830.39,2338.4
1602,1643.39,2082.53
1603,0,2495.78
1604,469.74,1836.86
1605,0,2085
1606,317.86,1028.73
1607,1680.67,1215.81
1608,6683.38,791.41
1609,756.39,1430.02
1610,1578.47,1692.97
1611,0,1541.65
1612,1731.6,979.76
1613,1689.9,1471.17
1614,2725.71,2586.14
1615,2532.49,2117.87
1616,805.79,3496.2
1617,1353.5,1236.36
1618,764.8,621.14
1619,1361.81,1252.7
1620,1274.03,1182.77
1621,1443.44,0
1622,922.84,1527.82
1623,1238.77,1546.19
1624,2590.67,3941.95
1625,1439.21,766.87
1626,2561.91,954.7
1627,2109.7,783.23
1628,1522.16,1670.52
1629,1570.62,1015.44
1630,941.69,2106.43
1631,897.45,1357.2
1632,1218.52,972.7
1633,2530.92,1728.1
1634,248.11,271
1635,1789.67,4105.84
1636,4951.44,948.55
1637,1390.12,4084.97
1638,960.14,1436.37
1639,1266.56,0
1640,1364.17,2010.99
1641,1901,1417.64
1642,1345.44,879.53
1643,684.9,688.19
1644,82.95,1277.55
1645,1466.47,765.7
1646,1460.12,603.89
1647,1312.72,1790.75
1648,797.49,2255.49
1649,1017.76,5470.71
1650,598.19,1043.84
1651,1214.85,5364.81
1652,1622.57,998.67
1653,803.76,1470.23
1654,1607.64,474.81
1655,1429.86,1344.51
1656,1641.02,2375.3
1657,2060.53,1225.14
1658,1571.17,1604.4
1659,271.36,644.6
1660,655.4,489.48
1661,406.5,1877.93
1662,0,892.68
1663,1422.48,966.44
1664,1556.02,1166.86
1665,0,1493.08
1666,491.61,1260.27
1667,1126.13,1454.19
1668,1010.42,967.14
1669,1520.37,881.39
1670,1478.42,424.94
1671,1510.57,1157.95
1672,1354.65,1206.18
1673,294.81,1362.53
1674,1290.02,1888.23
1675,579.31,1757.05
1676,413.74,1251.56
1677,2440.11,1905.55
1678,0,901.48
1679,818.75,0
1680,1857.01,1161.12
1681,3497.11,944.85
1682,1392.87,1865.67
1683,1576.27,2543.72
1684,821.47,2231.73
1685,646.62,554.94
1686,1253.92,2299.81
1687,2238.39,2548.23
1688,686.03,2277.9
1689,409.5,2181.03
1690,1922.98,2561.64
1691,2002.75,1447.78
1692,2545.49,310.91
1693,14.28,0
1694,1628.09,391.34
1695,1625.35,933.56
1696,3670.34,1313.07
1697,895.99,1260.76
1698,1836.94,1536.79
1699,3409.71,1390.64
1700,1578.37,1530.75
1701,1610.31,1566.55
1702,1633.03,1246.69
1703,1376.71,3302.51
1704,1877.64,1213.89
1705,0,4551.37
1706,1541.55,1761.48
1707,2848.05,1325.06
1708,7022.91,1593.19
1709,2993.95,1347.35
1710,1175.09,1454.86
1711,623.8,1505.8
1712,378.69,1525.59
1713,1451.38,2331.46
1714,999.79,2043.88
1715,1355.63,1070.76
1716,1721.04,3143.01
1717,1906.58,0
1718,1058.2,631.36
1719,2234.78,1629.36
1720,1363.86,616.01
1721,1705.86,741.56
1722,1567.4,1510.75
1723,865.29,1117.77
1724,0,1857.59
1725,1684.92,2359.99
1726,1397.14,744.71
1727,645.95,1533.35
1728,2665.98,0
1729,1276.37,1384.87
1730,827.73,0
1731,0,2497.5
1732,1244.03,1958.86
1733,1350.54,1609.01
1734,1049.76,0
1735,1171.58,1214.82
1736,1691.04,1722.16
1737,1054.09,1152.63
1738,913.32,789.5
1739,703.23,810.23
1740,3324.68,1014.38
1741,1778.78,1281.02
1742,1881.57,0
1743,2193.52,0
1744,1012.66,954.39
1745,1661.35,1551.35
1746,1549.09,2101.32
1747,2184.94,1976.36
1748,1655.08,3206.84
1749,1891.85,2152.85
1750,1671.1,489.84
1751,1758.24,1489.57
1752,1703.15,1986.1
1753,951.78,0
1754,830.12,1464.99
1755,638.42,1404.17
1756,1002.4,1815.61
1757,973.57,1155.79
1758,869.6,1657.62
1759,576.31,550.89
1760,743.23,1036.27
1761,2784.6,1042.75
1762,1298.57,609.76
1763,1302.18,851.18
1764,809.39,1627.88
1765,2426.01,3921.57
1766,1983.58,842.36
1767,2484.68,1877.8
1768,1693.4,1593.54
1769,561.87,818.33
1770,1770.45,1351.29
1771,1862.2,2166.17
1772,1419.45,2667.85
1773,2299.44,1978.73
1774,2789.99,2378.32
1775,1852.91,881.37
1776,1837.65,866.7
1777,4788.87,3076.92
1778,2211.13,0
1779,1208.41,0
1780,6437.77,0
1781,1058.49,1760.53
1782,740.14,1557.25
1783,900.32,3296.97
1784,0,1170.84
1785,2519.6,1561.82
1786,1064.21,1126.15
1787,3712.87,1857.96
1788,1465.66,2269.86
1789,0,1592.82
1790,1735.81,1293.2
1791,2369.67,1162.07
1792,895.36,851.82
1793,7075.47,3022.29
1794,921.42,0
1795,0,4509.02
1796,882.01,803.08
1797,757.49,1727.12
1798,835.78,920.81
1799,248.95,1672.24
1800,1289.94,2638.52
1801,1178.78,2171.22
1802,1422.1,1420.45
1803,1245.23,504.87
1804,1532.73,1568.69
1805,194.06,819.35
1806,1292.96,1719.37
1807,1873.24,1557.15
1808,436.73,1057.46
1809,550.44,2185
1810,1498.57,1168.42
1811,1275.61,2530.84
1812,1079.94,2832.86
1813,0,1233.98
1814,1231.53,1531.39
1815,2724.57,592.87
1816,744.97,1809.51
1817,515.73,515.86
1818,1254.12,575.69
1819,794.48,1765.87
1820,1166.67,1304.04
1821,905.63,1291.13
1822,656.3,590.66
1823,899.06,363.16
1824,1423.83,494.84
1825,1047.12,1116.11
1826,1481.92,1232.87
1827,897.85,1149.9
1828,786.86,760.05
1829,974.68,942.87
1830,310.95,651.87
1831,905.65,742.74
1832,577.01,923.18
1833,2145.92,912.16
1834,1040.9,338.47
1835,1636.79,2857.14
1836,947.91,1776.76
1837,524.93,0
1838,856.91,0
1839,3226.37,1096.49
1840,1017.81,2048.48
1841,885.5,1672.83
1842,1009.15,1386.32
1843,3143.89,1340.78
1844,709.91,0
1845,3031.45,2188.87
1846,462.03,1586.04
1847,1624.96,2951.79
1848,1176.1,1450.59
1849,1315.48,1593.71
1850,1302.72,693.22
1851,1266.11,723.94
1852,1963.39,536.14
1853,1000.28,802.04
1854,768.18,554.26
1855,1951.61,397.4
1856,1552.8,1455.6
1857,914.63,565.29
1858,2413.22,698.13
1859,1637.13,200.76
1860,1433.08,1229.82
1861,4294.92,1065.34
1862,906.93,593.6
1863,1823.23,961.5
1864,293.53,1260.35
1865,1365.13,370.94
1866,1505.59,3676.06
1867,1667.02,537.2
1868,1363.27,357.02
1869,927.52,806.97
1870,1073.62,738.55
1871,945.53,707.41
1872,591.89,861.43
1873,817.26,679.5
1874,1138.3,953.29
1875,1192.06,462.43
1876,1689.61,620.35
1877,1462.12,411.69
1878,1674.33,222.37
1879,1702.32,3673.77
1880,0,1182.97
1881,1558.35,1885.37
1882,0,1692.05
1883,1939.98,1084.9
1884,0,953.65
1885,1024.33,0
1886,1196.41,451.26
1887,1562.72,2264.96
1888,1262.29,708.11
1889,1131.28,675.68
1890,876.06,0
1891,4336.12,0
1892,186.2,2749.8
1893,484.65,2143.38
1894,820.8,853.97
1895,555.11,2628.81
1896,718.27,1348.33
1897,586.76,788.26
1898,591.02,1096.83
1899,6269.59,1759.16
1900,2691.16,1181.21
1901,1600.89,0
1902,865.37,1626.61
1903,963.86,1253.13
1904,0,1611.08
1905,621.5,167.98
1906,1831.83,415.97
1907,385.54,2186.39
1908,1782.42,5266.36
1909,1517.25,2604.17
1910,2437.04,1450.9
1911,831.72,819
1912,1393.03,812.91
1913,2143.37,1817.08
1914,666.67,637.15
1915,1109.39,605.05
1916,881.8,819.47
1917,845.01,1037.99
1918,886.52,1875.17
1919,1896.62,1126.13
1920,1580.47,2298.85
1921,1797.34,1769.13
1922,494.4,2596.56
1923,742.81,3163.62
1924,1449.28,986.68
1925,1614.75,1153.77
1926,1312.34,2412.39
1927,1119.05,7244.96
1928,681.43,2258.71
1929,1191.82,1025.89
1930,672.22,888.4
1931,847.24,1005.03
1932,2310.87,766.39
1933,1972.39,2092.86
1934,1232.71,2169.2
1935,2025.89,1801.98
1936,1157.41,1997.16
1937,1636.66,1865.28
1938,2504.17,2521.71
1939,1203.79,2179.22
1940,2960.77,1734.72
1941,1158.43,917.95
1942,666.01,858.81
1943,760.54,745.26
1944,1037.02,829.56
1945,0,2138.63
1946,855.46,1019.41
1947,866.55,858.29
1948,739.08,720.37
1949,1569.15,1612.45
1950,1032.19,1970.2
1951,1276.02,397.34
1952,0,0
1953,287.55,1572.82
1954,1437.88,423.59
1955,604.9,958.18
1956,199.12,1253.57
1957,0,2677.38
1958,812.79,819
1959,1062.28,1045.86
1960,1191.49,1034.5
1961,1099.09,0
1962,2168.89,0
1963,636.15,1049.27
1964,1314.67,1290.32
1965,1504.02,658.1
1966,2009.14,2256.77
1967,1071.22,6412.04
1968,858.43,1315.83
1969,1050.49,2140.02
1970,0,741.62
1971,6243.5,1350.81
1972,2327.55,641.47
1973,0,781.73
1974,1058.72,1228.11
1975,906.37,1002.27
1976,1711.48,984.74
1977,1526.48,1516.94
1978,156.79,1485.44
1979,3066.49,1789.2
1980,2044.85,1809.41
1981,0,2024.15
1982,612.32,1086.96
1983,2444.99,739.86
1984,2293.58,1610.95
1985,2798.41,1608.52
1986,1164.14,0
1987,5227.7,544.33
1988,875.99,1531.73
1989,3019.84,739.33
1990,2517.6,1473.57
1991,2675.18,1273.61
1992,1561.11,3163.18
1993,726.74,1517.91
1994,2197.75,2642.01
1995,2103.49,649
1996,1081.65,3886.93
1997,3526.65,1022.88
1998,1409.11,610.91
1999,3026.86,1102.51
2000,617.06,1729.36
2001,986.64,0
2002,1003.52,2732.24
2003,0,3565.06
2004,428.86,3434.95
2005,0,1216.55
2006,1543.51,1127.4
2007,0,425.71
2008,0,0
2009,909.09,210.51
2010,1248.44,483.96
2011,2255.9,0
2012,3045.77,1119.82
2013,708.92,631.15
2014,0,194.21
2015,0,535.32
2016,2065.84,1168.05
2017,1288.53,1562.99
2018,0,269.74
2019,570.71,674.61
2020,1409.83,1579.11
2021,1248.44,932.18
2022,578.37,925.67
2023,962.73,319.39
2024,924.84,1117.11
2025,539.08,1562.89
2026,739.28,1540.34
2027,1057.64,1516.68
2028,731.1,954.76
2029,1075.57,1147.83
2030,454.01,543.97
2031,652.93,235.63
2032,394.81,781.33
2033,1276.43,918.36
2034,612.77,0
2035,1055.99,1061.57
2036,714.49,3104.77
2037,1381.41,1829.8
2038,2196.73,0
2039,2704.07,827.91
2040,869.69,3482.39
2041,1029.16,1837.01
2042,1099.07,669.34
2043,1353.38,2540.22
2044,1434.46,2221.13
2045,2418.02,1448.08
2046,854.3,3328.76
2047,2314.17,488.52
2048,1284.19,490.08
2049,2349.32,1205.14
2050,1895.9,1560.84
2051,837.9,3328.29
2052,1767.26,834.78
2053,2589.78,1226.45
2054,949.15,1429.11
2055,738.55,1054.42
2056,1076.59,0
2057,2312.87,1756.03
2058,1665.28,544.77
2059,1727.12,662.11
2060,1391.1,1268.7
2061,2407.38,2404.93
2062,0,1944.25
2063,1579.83,1097.52
2064,1999.82,1417.84
2065,1091.79,2365.18
2066,757.64,2058.74
2067,948.95,1006.42
2068,1233.33,1416.3
2069,2508.98,1307.31
2070,0,739.04
2071,1038.59,403.27
2072,2580.65,279.82
2073,2543.77,447.11
2074,928.82,0
2075,1133.79,95.27
2076,535.26,403.35
2077,1749.02,884.3
2078,1631.62,2190.89
2079,1663.11,647.67
2080,0,594.88
2081,1488.78,1322.23
2082,5983.38,272.17
2083,356.63,2002.4
2084,886.52,2293.85
2085,1603.24,930.81
2086,1470.21,226.86
2087,1810.25,2142.47
2088,2972.92,1209.75
2089,1679.73,1519.05
2090,0,1151.54
2091,1362.4,1891
2092,0,1070.09
2093,7042.25,1835.24
2094,0,339.85
2095,3210.27,1243.01
2096,3828.97,1039.28
2097,0,1885.01
2098,1415.43,3037.21
2099,803.86,1689.87
2100,0,725.69
2101,2312.14,1969.08
2102,3901.17,614.66
2103,970.87,1243.19
2104,0,2235.3
2105,1358.7,1737.57
2106,1982.16,1401.92
2107,2000,798.98
2108,0,817.66
2109,0,1636.78
2110,0,1737.78
2111,0,0
2112,7134.36,0
2113,2541.3,608.55
2114,5050.51,1789.12
2115,0,1022.62
2116,1226.99,2272.73
2117,0,784.39
2118,0,1344.69
2119,0,1415.76
2120,0,1451.67
2121,9394.57,844.67
2122,9274.87,327.55
2123,0,1537.44
2124,3095.98,2074.38
2125,435.16,101.95
2126,0,922.93
2127,0,592.77
2128,3396.92,4568.82
2129,4987.53,1131.56
2130,1351.35,0
2131,854.7,1059.05
2132,0,1026.92
2133,4037.69,1546.79
2134,2304.15,1357.02
2135,1392.76,1250.98
2136,4823.15,3467.79
2137,5822.42,2053.39
2138,0,905.88
2139,0,2375.3
2140,0,1265.31
2141,0,1477.99
2142,1187.65,1159.85
2143,0,2991.03
2144,0,2682.76
2145,0,2702.47
2146,1400.56,2771.91
2147,0,461.04
2148,6976.74,579.74
2149,0,329.58
2150,0,1953.04
2151,7112.38,618.05
2152,8266.9,0
2153,0,3082.49
2154,0,537.9
2155,1123.6,677.97
2156,0,1001.43
2157,0,1568.47
2158,5012.53,1492.66
2159,0,3091.72
2160,0,0
2161,0,854.7
2162,1127.4,272.7
2163,0,0
2164,0,1021.51
2165,0,799.47
2166,0,1566.38
2167,0,935.45
2168,1448.58,809.81
2169,0,994.69
2170,0,3732.89
2171,0,1132.48
2172,0,616.88
2173,0,1046.25
2174,4775.55,1171.22
2175,0,1428.22
2176,0,3043.93
2177,0,544.79
2178,0,657.63
2179,20000,290.32
2180,0,1004.41
2181,0,624.17
2182,4381.16,725.97
2183,0,887.81
2184,2361.28,621.89
2185,0,598.8
2186,0,645.16
2187,0,908.76
2188,0,2117.51
2189,0,896.86
2190,0,1050.92
2191,0,570.41
2192,0,1932.08
2193,0,550.66
2194,0,1314.06
2195,0,729.14
2196,1492.54,1905.8
2197,5535.06,2343.49
2198,0,740.1
2199,0,1687.49
2200,0,1392.6
2201,0,1591.34
2202,0,4068.58
2203,0,0
2204,0,944.93
2205,645.99,6010.88
2206,2633.12,2395.36
2207,0,4070.76
2208,0,1148.82
2209,0,1130.24
2210,1619.66,1075.14
2211,535.45,1370.13
2212,1382.02,1129.89
2213,2030.46,989.12
2214,744.75,0
2215,1269,300.93
2216,420.7,2050.15
2217,1339.76,1444.08
2218,1161.43,0
2219,795.92,1755.41
2220,482.59,651.12
2221,1300.89,1554.04
2222,1679.03,732.97
2223,987.17,1519.39
2224,0,1152.89
2225,290.61,1554.65
2226,599.62,1280.25
2227,182.82,1500.38
2228,841.57,2541.3
2229,4813.48,1346.24
2230,1008.06,0
2231,1755.07,1449.7
2232,1432.41,1061.98
2233,418.41,1350.53
2234,1958.42,1821.97
2235,0,1812.14
2236,1081.08,0
2237,0,923.04
2238,1823.71,1892.4
2239,413.52,813.12
2240,1171.28,1278.04
2241,3802.74,824.04
2242,3185.84,409.5
2243,2376.39,4237.29
2244,3780.83,445.24
2245,1353.07,1690.9
2246,3073.29,2361.95
2247,381.9,0
2248,2242.15,3210.27
2249,1429.56,0
2250,2159.83,668.45
2251,2421.31,1151.6
2252,1955.85,376.29
2253,2360.35,287.19
2254,2065.05,700.53
2255,0,1427.12
2256,1889.31,1281.83
2257,4739.34,1454.55
2258,2026.64,492.29
2259,806.89,738.92
2260,1094.09,1480.64
2261,1190.15,710.1
2262,1492.22,1521.14
2263,1116.07,2344.97
2264,3580.33,1506.59
2265,1341.56,1504.89
2266,1276.49,623.18
2267,1704.55,750.55
2268,1049.23,1173.47
2269,1136.04,501.18
2270,228.78,2419.11
2271,1499.25,5068.06
2272,0,615.51
2273,0,726.74
2274,1390.82,1908.28
2275,1219.51,1137.66
2276,1086.96,1357.22
2277,0,2337.81
2278,1904.43,779.22
2279,655.31,1516.39
2280,3409.8,1923.49
2281,1414.97,2328.37
2282,1190.77,2178.65
2283,764.53,2472.19
2284,2115.22,0
2285,0,0
2286,640.68,0
2287,511.51,3487.56
2288,1195.79,1443.61
2289,1330.85,3912.69
2290,777.97,1552.8
2291,0,957.24
2292,0,2243.9
2293,2431.91,855.54
2294,1896.45,1060.32
2295,1044.39,580.92
2296,1785.52,1202.19
2297,818.49,0
2298,1516.2,1451.08
2299,4273.5,1480.41
2300,1055.97,0
2301,1527.88,1109.53
2302,5395.68,2413.75
2303,1445.61,2058.2
2304,0,1281.69
2305,645.99,2402.82
2306,448.16,1157.41
2307,914.2,915.75
2308,1219.51,888.59
2309,861.99,1044.43
2310,2683.58,1274.86
2311,1409.77,1352.41
2312,587.22,871.87
2313,695.65,2557.57
2314,1523.25,916.94
2315,896.63,765.13
2316,1913.23,1363.46
2317,2253.94,221.73
2318,928.06,853.18
2319,583.09,929.75
2320,2787.63,0
2321,1364.49,1079.81
2322,1567.05,2631.58
2323,546.9,1791.31
2324,3470.21,1849.41
2325,2012.41,1196.91
2326,1089.32,275.99
2327,1689.19,433.65
2328,1679.26,627.9
2329,3056.55,1738.42
2330,6711.41,1206.38
2331,1984.62,1153.72
2332,788.08,2005.01
2333,941.12,2215.01
2334,859.93,2384.74
2335,2089.43,1134.25
2336,3283.12,989.31
2337,3751.53,1533.27
2338,836.7,1180.64
2339,3034.9,1803.16
2340,1578.53,1929.59
2341,0,1092.54
2342,1548.59,1596.28
2343,1946.21,659.42
2344,565.93,427.44
2345,2100.84,0
2346,639.82,1056.11
2347,2838.89,220.75
2348,0,1589.76
2349,1659.48,1860.85
2350,563.54,1169.41
2351,646.57,1212.76
2352,2188.42,2243.89
2353,1631.29,518.35
2354,1868.22,390.82
2355,988.95,748.5
2356,0,1271.87
2357,2294.81,1565.55
2358,1817.27,1171.4
2359,1078.28,2031.69
2360,396.93,1739.4
2361,520.63,452.28
2362,1706.48,363.68
2363,2110.11,405.7
2364,1122.18,1720.87
2365,911.58,715.87
2366,736.59,720.41
2367,765.7,1321
2368,1177.86,1521.87
2369,3157.59,7367.72
2370,2100.84,499.75
2371,1641.14,1941.93
2372,550.36,2053.19
2373,1930.5,1297.41
2374,0,1353.87
2375,818.14,1585.31
2376,871.79,1332.37
2377,2389.76,831.81
2378,2272.81,0
2379,1374.57,4418.6
2380,3072.49,2601.48
2381,2331.55,3497.05
2382,680.85,1035.42
2383,3952.88,1450.25
2384,1363.58,1235.16
2385,1105.24,936.73
2386,1256.53,556.33
2387,233.75,918.55
2388,955.78,1942.69
2389,2375.3,2275.31
2390,0,585.82
2391,1124.82,1641.1
2392,907.75,164.58
2393,1336.01,0
2394,5221.93,3025.5
2395,1077.35,0
2396,912.52,1909.91
2397,263.5,1356.65
2398,2428.1,1380.73
2399,1371.04,1354.77
2400,938.72,1044.58
2401,1673.17,0
2402,1538.8,2276.12
2403,573.25,2523.28
2404,1063.7,2222.53
2405,3504.67,691.09
2406,1354.83,2163.35
2407,1181.72,3961.97
2408,1802.71,1338.81
2409,1146.53,810.11
2410,767.26,1824.18
2411,3206.6,2048.93
2412,1157.57,1861.93
2413,515.73,1333.53
2414,4540.3,1609.9
2415,7267.44,1430.08
2416,4629.63,2327.3
2417,848.46,1671.24
2418,0,2109.41
2419,1360.24,871.97
2420,0,1612.31
2421,599.16,1455.6
2422,1324.05,2030.62
2423,2685.08,1141.55
2424,0,1705.84
2425,2631.58,1118.83
2426,0,1613.65
2427,0,2336.45
2428,0,0
2429,4632.31,1031.58
2430,1596.17,1368.79
2431,856.96,0
2432,1154.49,0
2433,1677.85,0
2434,977.04,0
2435,2013.18,0
2436,2085.2,1212.58
2437,1721.46,1940.28
2438,0,1615.78
2439,2237.14,955.26
2440,1346.23,659.21
2441,396.3,2521.16
2442,2453.99,1747.08
2443,2807.5,1320.36
2444,1002,746.49
2445,1471.67,2327.21
2446,1801.51,888.24
2447,1119.51,465.12
2448,2458.51,794.91
2449,1537.61,538.21
2450,721.11,1065.77
2451,2855.78,484.01
2452,3205.13,1783.23
2453,0,1781.01
2454,2150.54,1287.55
2455,2024.88,765.26
2456,1435.73,1369.86
2457,0,2659.83
2458,1898.37,503.4
2459,737.46,1658.87
2460,497.88,1584.23
2461,904.16,2223.09
2462,4193.75,2728.02
2463,1381.49,2406.26
2464,2523.98,1067.81
2465,5545.29,3189.79
2466,1295.67,1786.53
2467,0,1669.45
2468,0,2334.63
2469,1147.37,2512.02
2470,661.81,335.01
2471,838.93,0
2472,607.53,3984.06
2473,1285,954.58
2474,3617.57,1840.58
2475,2111.93,865.56
2476,1255.34,1353.48
2477,0,0
2478,2651.74,1068.91
2479,3216.73,1057.59
2480,2988.05,0
2481,5952.38,799.36
2482,0,825.49
2483,2225.1,3133.9
2484,1106.42,883.5
2485,2818.22,1371.93
2486,2980.63,1338.69
2487,1095.29,3382.19
2488,984.25,3110.42
2489,1017.29,0
2490,1482.54,830.56
2491,1445.64,0
2492,1270.33,5181.35
2493,0,1137.66
2494,1436.19,1994.02
2495,1115.45,1734.61
2496,0,2094.24
2497,1500.18,1580.11
2498,1600.06,2079.62
2499,5144.03,3180.54
2500,0,1854.45
2501,436.87,893.12
2502,0,1474.93
2503,834.03,1514.11
2504,1470.59,853.58
2505,3162.33,728.39
2506,221.93,435.82
2507,713.52,925.24
2508,0,1123.78
2509,1241.46,1018.03
2510,6993.01,1329.71
2511,1878.19,1524.84
2512,1983.28,2044.18
2513,1083.31,1076.74
2514,1177.44,821.24
2515,1007.56,2050.58
2516,1992.71,1665.12
2517,1294.67,900.09
2518,4117.65,1750.44
2519,2042.01,847.04
2520,3300.33,1333.48
2521,4675.63,1864.43
2522,0,789.4
2523,3581.02,1669.45
2524,589.1,1242.24
2525,1431.2,2215.13
2526,0,1616.56
2527,516.17,6483.21
2528,1280.41,1504.84
2529,6329.11,2673.18
2530,0,1315.74
2531,11100.61,0
2532,0,171.23
2533,994.04,1494.77
2534,0,1891.31
2535,0,0
2536,1533.74,953.62
2537,0,1410.46
2538,2433.09,665.34
2539,1748.25,0
2540,4142.5,2111.98
2541,0,1821.69
2542,3846.15,2060.94
2543,770.71,3257.33
2544,0,1325.07
2545,0,2666.67
2546,2411.58,810.92
2547,1564.13,1149.11
2548,1610.57,1571.15
2549,1097.88,1717.23
2550,408.33,689.48
2551,2314.81,2072.39
2552,1269.04,1325.75
2553,0,0
2554,1988.07,636.73
2555,6611.57,1331.75
2556,0,602.58
2557,0,2402.76
2558,2306.81,1721.82
2559,8884.5,1717.96
2560,6849.32,1762.95
2561,5055.61,1246.83
2562,5718.95,1003.7
2563,2518.89,485.44
2564,780.09,2141.33
2565,1527.49,2098.47
2566,7566.2,2692.27
2567,3198.29,622.94
2568,3773.58,2403.85
2569,1570.68,0
2570,0,1611.6
2571,2070.39,1605.14
2572,2096.44,2245.73
2573,4854.37,3060.6
2574,0,1259.05
2575,2573.7,572.28
2576,2431.2,1428.72
2577,979.91,2074.21
2578,1800.68,1236.09
2579,2325.58,1115.93
2580,8498.58,345.05
2581,0,2099.42
2582,0,745.99
2583,0,1301.57
2584,0,934.47
2585,9090.91,892.77
2586,8912.66,546.11
2587,1440.92,3468.78
2588,3510.83,760.31
2589,1786.05,735.88
2590,747.94,878.89
2591,909.42,674.89
2592,0,622.96
2593,959.51,392.27
2594,4405.29,1569.86
2595,4388.93,1890.61
2596,4403.79,2378.81
2597,1310.04,1827.63
2598,1082.92,2515.31
2599,1779.7,724.77
2600,772.2,2106
2601,2352.94,1167.13
2602,595.58,1987.28
2603,949.8,9107.47
2604,2073.97,1790.19
2605,708.97,1300.15
2606,617.28,1408.38
2607,553.83,942.51
2608,2036.66,0
2609,1341.83,881.04
2610,328.95,2007.02
2611,451.47,842.46
2612,832.28,552.89
2613,626.96,0
2614,498.5,823.95
2615,431.97,0
2616,350.87,829.27
2617,3633.43,1889.81
2618,13333.33,682.37
2619,1219.87,1023.96
2620,1564.13,1572.77
2621,1232.29,1164.12
2622,7249.88,0
2623,0,649.35
2624,950.57,1170.28
2625,775.59,1468.89
2626,0,462.63
2627,811.85,687.13
2628,651.04,1483.4
2629,1447.7,1466.06
2630,973.24,920.21
2631,490.99,1601.28
2632,798.72,1461.92
2633,471.25,728.96
2634,346.32,732.24
2635,1795.1,637.19
2636,1119.59,1564.67
2637,1225.95,901.93
2638,1008.57,1064.16
2639,766.68,2427.68
2640,1161.51,281.45
2641,1035.2,818.89
2642,1070.66,1738.43
2643,3002.4,530.79
2644,1809.2,1692.05
2645,1762.89,718.39
2646,3289.87,1282.22
2647,1834.86,763.94
2648,3624.04,1064.96
2649,1968.5,2319.27
2650,0,838.08
2651,0,1169.83
2652,1446.17,0
2653,963.86,0
2654,962.46,241.08
2655,2670.23,777
2656,2741.6,0
2657,0,829.01
2658,468.82,822.91
2659,0,995.56
2660,2861.23,1176.82
2661,1774.62,994.37
2662,1879.7,701.75
2663,1040.58,0
2664,1607.72,3043.39
2665,0,996.16
2666,1146.79,794.75
2667,0,1363.91
2668,1545.6,1269.72
2669,5064.89,1066.1
2670,1039.76,2004.3
2671,1322.05,1076.53
2672,3963.01,1835.99
2673,3125,3247.31
2674,0,1698.45
2675,0,1893.57
2676,0,1697.82
2677,0,696.67
2678,0,2444.01
2679,0,1911.64
2680,0,2111.33
2681,0,2202.64
2682,0,2019.33
2683,0,2195.87
2684,0,2990.68
2685,0,1727.96
2686,0,2259.83
2687,0,2071.33
2688,0,2131.86
2689,0,1176.29
2690,0,1769.42
2691,6644.52,1664.45
2692,0,3226.96
2693,3988.04,1063.6
2694,1067.24,2123.94
2695,0,971.55
2696,0,1676.17
2697,4687.5,787.28
2698,0,729.16
2699,0,340.21
2700,0,2890.17
2701,0,1142.53
2702,0,539.23
2703,0,0
2704,8645.53,2818.59
2705,1883.24,2232.14
2706,13377.93,1721.17
2707,9615.38,1166.71
2708,4821.21,1416.43
2709,0,342.97
2710,0,1117.32
2711,668.67,2518.25
2712,759.88,0
2713,1219.51,1789.71
2714,0,1240.39
2715,0,0
2716,318.74,1026.78
2717,0,1177.54
2718,2118.64,627.97
2719,0,1170.54
2720,0,0
2721,3773.58,599.57
2722,14336.92,316.62
2723,0,1503.01
2724,7058.82,0
2725,0,0
2726,1477.1,0
2727,0,0
2728,3906.25,1035.5
2729,0,3030.3
2730,626.13,2156.94
2731,0,1412.3
2732,2033.23,2311.68
2733,0,1822.46
2734,0,3053.44
2735,1529.05,1520.73
2736,3412.97,2209.09
2737,0,3155.72
2738,4942.34,4449.52
2739,0,3214.2
2740,0,1065.12
2741,1379.31,1656.31
2742,1668.26,1390.21
2743,4457.65,403.88
2744,0,759.11
2745,0,1366.26
2746,0,4346.97
2747,12987.01,706.49
2748,0,840.85
2749,0,545.75
2750,1228.44,744.71
2751,4380.72,0
2752,0,687.36
2753,0,1467.46
2754,3574.62,583.84
2755,0,618.16
2756,0,579.96
2757,1283.7,598.24
2758,12269.94,759.12
2759,10256.41,0
2760,0,4373.18
2761,0,3850.19
2762,0,778.61
2763,0,3102.38
2764,0,2444.57
2765,0,2148.76
2766,0,2325.58
2767,0,1391.48
2768,0,906.07
2769,0,1234.22
2770,0,980.75
2771,4016.06,4470.62
2772,8695.65,399.6
2773,7067.14,1267.34
2774,0,1071.92
2775,0,1433.87
2776,1298.7,1055.01
2777,0,939.72
2778,1773.95,1502.66
2779,3012.05,1661.96
2780,2881.84,3541.46
2781,0,1182.83
2782,6211.18,1928.37
2783,0,727.59
2784,0,2831.52
2785,0,2824.25
2786,0,3036.22
2787,0,3284.67
2788,0,2624.92
2789,0,1882.06
2790,8849.56,2093.06
2791,0,1357.59
2792,0,0
2793,936.15,2207.51
2794,0,1304.63
2795,1116.45,1083.31
2796,5722.46,1392.37
2797,2220.69,1062.25
2798,780.54,0
2799,828.16,0
2800,3667.48,4454.34
2801,1561.28,515.2
2802,693.84,1801.15
2803,923.85,1094.17
2804,1361.18,1265.18
2805,897.87,1046.21
2806,1445.54,2104.63
2807,1363.33,1817.62
2808,3401.36,509.22
2809,1727.54,2049.91
2810,488.52,1558.44
2811,1386.96,738.42
2812,1183.43,1732.19
2813,1189.06,924.6
2814,1191.9,3098.59
2815,763.8,1696.75
2816,1133.47,1403.18
2817,545.26,1014.06
2818,445.83,198.61
2819,449.64,1468.43
2820,807.75,3996.26
2821,0,561.73
2822,1355.28,2875.73
2823,1607.08,1286.73
2824,0,347.34
2825,622.67,890.97
2826,0,1568.22
2827,2159.83,1568.01
2828,2217.29,2755.77
2829,0,198.37
2830,0,477.24
2831,0,324.44
2832,814.33,317.55
2833,2032.52,0
2834,2032.52,908.6
2835,5277.04,604.14
2836,2141.33,1361.84
2837,2057.61,907.44
2838,2169.2,205.75
2839,5586.59,1133.47
2840,5540.17,860.64
2841,7653.06,3139.06
2842,0,1424.5
2843,7067.14,1527.66
2844,0,5851.06
2845,10101.01,1448.8
2846,7125.89,1307.99
2847,4504.5,2982.36
2848,4385.96,865.29
2849,0,1011.71
2850,0,1238.77
2851,2070.39,1426.53
2852,0,1446.34
2853,5194.81,2021.9
2854,5167.96,500.58
2855,4739.34,887.15
2856,4444.44,1016.11
2857,4444.44,1691.47
2858,0,1018.12
2859,2207.51,905.8
2860,3831.42,940.96
2861,17241.38,1697.79
2862,17241.38,2239.64
2863,0,1208.64
2864,3372.68,1338.09
2865,1373.63,2369.67
2866,1375.52,1436.09
2867,0,1048.58
2868,0,1129.4
2869,1204.62,1210.29
2870,1521.86,1894.3
2871,0,828.84
2872,1260.62,578.37
2873,1272.26,980.71
2874,1040.58,869.82
2875,927.61,3160.92
2876,1988.07,1218.77
2877,2506.63,2720.35
2878,1684.31,1776.83
2879,0,0
2880,1483.68,0
2881,589.1,0
2882,1161.44,1399.58
2883,750.94,0
2884,332.48,2066.12
2885,196.81,0
2886,2238.21,0
2887,2246.13,0
2888,842.08,0
2889,1131.22,446.83
2890,932.84,0
2891,350.67,3012.05
2892,0,1187.18
2893,974.87,805.8
2894,0,0
2895,5076.14,0
2896,3770.15,0
2897,1252.82,1483.68
2898,0,1778.73
2899,0,1154.73
2900,1929.01,0
2901,1683.97,0
2902,1610.31,6747.64
2903,1753.44,1103.75
2904,772.2,2784.11
2905,1174.73,534.33
2906,2443.96,731.17
2907,1331.47,1754.39
2908,1763.67,5148.27
2909,0,1781.47
2910,3368.89,721.46
2911,650.57,1608.76
2912,418,1037.54
2913,277.43,276.55
2914,599.28,770.39
2915,1236.09,1071.83
2916,1998.6,222.47
2917,158.06,1424.61
2918,1394.7,1442.48
2919,285.52,0
2920,598.98,1718.21
2921,843.88,1519.43
2922,408.93,2679.94
2923,1195.91,0
2924,347.07,1494.77
2925,689.62,3005.38
2926,927.94,1806.14
2927,968.83,340.43
2928,768.11,493.1
2929,1471.13,861.33
2930,752.45,714.29
2931,1276.32,2189.78
2932,1331.71,1025.41
2933,877.63,33.42
2934,1028.81,1289.56
2935,2373.18,1934.24
2936,913.06,2688.17
2937,1163.96,2129.67
2938,1369.68,0
2939,2246.31,1715.27
2940,1732.95,1373.63
2941,3036.08,1101.32
2942,1029.98,0
2943,583.09,0
2944,1178.2,0
2945,3486.43,0
2946,566.89,699.56
2947,1847.44,2402.4
2948,917.43,1135.07
2949,1157.75,2172.73
2950,1645.55,3521.13
2951,1575.88,979.43
2952,2094.87,1104.36
2953,1196.79,1379.52
2954,164.26,562.75
2955,0,2016.13
2956,1076.79,4508.09
2957,1760.89,956.94
2958,979.04,617.97
2959,3187.46,1227.75
2960,1685.42,2052.33
2961,2179.3,421.05
2962,1157.83,0
2963,1509.97,0
2964,5379.24,1489.57
2965,2579.32,0
2966,1793.89,910.75
2967,2184.76,393.86
2968,2211.51,0
2969,3527.34,974.85
2970,439.89,1062.47
2971,1103.64,1435.01
2972,1807.75,1023.54
2973,1861.31,2852.25
2974,717.62,488.04
2975,853.7,0
2976,3284.07,4158
2977,1972.02,874.51
2978,2443.49,2101.13
2979,2703.26,1209.68
2980,913.05,1233.55
2981,1463.06,691.72
2982,1082.51,3842.63
2983,1484.62,0
2984,2403.36,774.79
2985,2262.44,591.98
2986,2137.47,4739.34
2987,0,0
2988,0,851.57
2989,692.18,1630.59
2990,650.62,1319.26
2991,0,3529.41
2992,1028.2,1602.56
2993,1019.63,2883.92
2994,1177.16,1238.39
2995,780.94,5503.4
2996,1153.05,0
2997,441.41,1740.64
2998,965.38,1772.97
2999,1554.55,0
3000,1047.5,1373.07
3001,975.22,882.22
3002,921.23,4807.69
3003,1265.46,4587.16
3004,3149.41,1897.53
3005,1130.58,1173.41
3006,455.37,0
3007,806.86,671.14
3008,0,679.35
3009,2384.63,1288.17
3010,1945.13,3170.73
3011,443.88,999.33
3012,2056.47,626.96
3013,1765.36,1156.74
3014,1010.68,1308.9
3015,7102.5,1572.33
3016,749.17,1404.49
3017,1223.24,0
3018,1612.42,5780.35
3019,1046.03,1602.56
3020,1917.81,2027.37
3021,637.76,0
3022,598.79,0
3023,911.21,0
3024,718.48,0
3025,552.5,0
3026,2255.75,3329.63
3027,3239.97,2976.19
3028,2267.9,6666.67
3029,850.75,881.83
3030,1379.88,1170.96
3031,1753.39,1834.86
3032,827.73,0
3033,11479.59,1901.14
3034,1002.68,2094.97
3035,1898.97,1042.75
3036,935.79,2403.85
3037,970.85,0
3038,1326.7,4291.85
3039,1714.29,0
3040,1736.11,0
3041,0,4008.02
3042,1564.17,1172.33
3043,1118.47,0
3044,2380.51,0
3045,8979.05,0
3046,1672.8,0
3047,534.47,1697.79
3048,2509.94,2114.16
3049,742.15,7552.87
3050,1740.86,1816.53
3051,775.15,1201.92
3052,3120.17,8316.01
3053,1972.39,3521.13
3054,912.41,0
3055,0,7042.25
3056,2328.94,2267.57
3057,4859.93,3917.73
3058,1236.09,1540.83
3059,1686.34,1196.53
3060,1683.5,0
3061,1000.97,0
3062,1119.82,0
3063,1364.26,1876.69
3064,896.4,1993.36
3065,1941.96,2605.3
3066,1981.22,2994.01
3067,1988.11,1948.68
3068,2864.1,3745.32
3069,2405.37,2897.79
3070,1163.13,2137.67
3071,1568.22,3395.59
3072,1757.91,3075.47
3073,0,1571.86
3074,593.65,1369.99
3075,1940.75,1332.45
3076,0,1730.19
3077,1163.87,0
3078,1845.02,1609.57
3079,2477.63,0
3080,1446.13,1487.54
3081,2110.76,1590.91
3082,1077.73,1782.08
3083,753.61,1101.32
3084,956,1663.89
3085,1792.19,3330
3086,1896.95,0
3087,598.09,1956.95
3088,1013.97,0
3089,1194.81,1488.41
3090,841.27,1232.29
3091,1605.74,1243.9
3092,1805.05,0
3093,0,0
3094,1117.81,777.81
3095,925.19,2277.16
3096,330.85,1378.32
3097,2742.33,7220.22
3098,1025.92,2941.18
3099,4410.04,4228.33
3100,2586.29,0
3101,814.13,1488.65
3102,917.67,2195.39
3103,1383.13,979.43
3104,3357.31,2145.92
3105,391.58,1657
3106,348.28,871.84
3107,684.66,2116.96
3108,480.57,809.32
3109,3520.42,753.44
3110,3204.73,3355.7
3111,1081.47,3580.75
3112,1236.05,1394.05
3113,973.9,3200
3114,364.56,0
3115,1424.79,1739.13
3116,852.1,1569.86
3117,1098.98,1290.71
3118,1178.36,0
3119,2506.71,824.4
3120,587.9,0
3121,1177.16,2208.58
3122,910.04,0
3123,1902.2,3285.15
3124,578.12,1865.67
3125,466.46,936.33
3126,227.62,4608.29
3127,1331.11,1008.04
3128,736.96,0
3129,217.04,3289.47
3130,1439.54,0
3131,1237.7,0
3132,312.79,0
3133,1137.79,0
3134,1570.35,0
3135,847.42,0
3136,497.27,1250
3137,422.25,0
3138,648.72,0
3139,508.81,0
3140,559.75,0
3141,426.35,0
3142,354.48,351.74
3143,317.21,0
3144,2369.67,0
3145,600,0
3146,863.59,1413.09
3147,3324.92,0
3148,3348.04,4647.56
3149,4197.27,2686.93
3150,1632.36,0
3151,0,0
3152,0,0
3153,2301.76,0
3154,1371.18,0
3155,983.77,0
3156,1048.55,0
3157,0,384.47
3158,1722.95,0
3159,2207.51,0
3160,2443.23,1901.14
3161,2453.99,0
3162,3378.38,0
3163,0,0
3164,0,2981.74
3165,2060.79,0
3166,490.44,0
3167,1192.13,0
3168,957.72,0
3169,0,0
3170,1775.15,0
3171,426.22,2237.14
3172,460.83,0
3173,2908.18,0
3174,175.72,0
3175,2277.9,0
3176,918.25,0
3177,2118.97,5405.41
3178,2110.44,5405.41
3179,1677.45,5405.41
3180,3160.96,5167.96
3181,1197.26,0
3182,767.91,0
3183,882.78,0
3184,851.97,922.51
3185,2486.17,1307.19
3186,730.91,2898.55
3187,0,1428.57
3188,1987.58,0
3189,2425.19,2714.63
3190,1617.15,0
3191,1668.86,607.16
3192,2710.03,387.75
3193,1047.55,0
3194,353.05,1964.64
3195,0,4938.27
3196,0,0
3197,2577.32,1947.8
3198,4419.89,1739.13
3199,1382.68,0
3200,3845.54,806.45
3201,1096.57,0
3202,629.59,3192.34
3203,1101.75,1919.39
3204,1370.43,2840.91
3205,961.3,2114.16
3206,5511.81,8042.9
3207,379.65,0
3208,633.71,1912.05
3209,1077.2,2421.31
3210,361.53,0
3211,1658.37,0
3212,911.85,1669.45
3213,1279.28,1666.67
3214,1193.87,2421.31
3215,1029.12,5847.95
3216,0,6067.29
3217,4097.79,6040.64
3218,1390.23,3139.09
3219,1427.41,0
3220,1635.47,1697.79
3221,1346.17,0
3222,1751.2,0
3223,1651.07,325.95
3224,2026.64,2209.94
3225,2117.7,2000
3226,1848.6,1424.93
3227,1680.67,1062.7
3228,766.52,1886.79
3229,3313.87,1222.49
3230,1494.32,481.46
3231,773.99,426.26
3232,1637.37,0
3233,1549.83,0
3234,1922.34,0
3235,1273.89,0
3236,1094.72,1188
3237,891.81,967.08
3238,2957.02,1011.12
3239,0,0
3240,0,0
3241,483.79,790.83
3242,0,0
3243,1344.64,0
3244,54.97,5571.03
3245,1643.7,2186.88
3246,1031.96,1138
3247,975.5,1888.25
3248,3455.23,844.59
3249,3023.43,1168.53
3250,824.3,0
3251,1008.61,0
3252,2211.55,926.78
3253,5895.51,2518.89
3254,1718.75,1449.7
3255,1891.58,2378.12
3256,2504.33,1536.54
3257,858.37,1958.22
3258,1348.92,1220.51
3259,3981.16,1742.16
3260,484.43,2967.36
3261,593.38,1430.62
3262,1333.61,1211.77
3263,902.32,3284.07
3264,1101.93,1285.58
3265,917.96,1367.24
3266,1112.34,0
3267,0,349.41
3268,815.66,1358.7
3269,1533.82,0
3270,1607.35,1583.76
3271,2343.75,1796.14
3272,0,2158.27
3273,2307.1,0
3274,764.58,1530.22
3275,2111.01,1441.61
3276,1404.89,852.18
3277,2453.63,3330.07
3278,0,1451.87
3279,3723.01,2338.93
3280,3474.64,1421.01
3281,926.72,1378.04
3282,280.66,2133.87
3283,1015.65,1751.06
3284,986.19,2018.95
3285,681.14,0
3286,1021.45,828.44
3287,917.43,1162.79
3288,4310.34,0
3289,0,1311.76
3290,1218.7,955.66
3291,868.18,0
3292,1071.81,3583.16
3293,606.06,0
3294,1263.81,0
3295,1324.64,0
3296,1256.81,1452.08
3297,0,1902.95
3298,0,544.96
3299,0,1186.5
3300,2073.36,1430.08
3301,1643.93,0
3302,693.48,0
3303,1383.13,2516.31
3304,852.51,0
3305,659.2,2994.01
3306,535.91,0
3307,1408.45,579.37
3308,2240.48,1497.01
3309,0,2199.82
3310,1294.33,5222.52
3311,650.2,3647.34
3312,2328.29,0
3313,907.79,1388.89
3314,4058.44,1411.93
3315,2019.07,0
3316,1179.17,1197.6
3317,1480.38,0
3318,1185.6,1019.89
3319,2401.22,1867.91
3320,3037.21,1746.72
3321,1237.93,1863.93
3322,2375.3,0
3323,625,2364.07
3324,2040.82,3560.97
3325,0,0
3326,1898.48,2191.56
3327,412.54,0
3328,1861.33,2041.09
3329,603.14,1593.97
3330,3272.68,5194.32
3331,3337.75,0
3332,1939.86,2138.06
3333,2662.84,2603.49
3334,1584.47,0
3335,1148.11,0
3336,0,2070.39
3337,0,2352.94
3338,1128.67,1404.49
3339,1018.27,2424.24
3340,1017.29,1086.96
3341,785.55,1996.01
3342,1117.32,348.43
3343,2114.16,0
3344,1890.36,860.59
3345,0,0
3346,1629.78,0
3347,0,0
3348,1321.7,1399.88
3349,2219.4,0
3350,0,562.43
3351,1884.46,1484.72
3352,692.68,1802.27
3353,0,1140.16
3354,264.66,896.24
3355,683.76,1113.26
3356,2682.76,1953.13
3357,0,1416.05
3358,0,1440.92
3359,0,0
3360,526.32,0
3361,2793.3,1558.85
3362,917.94,665.94
3363,2342.86,516.13
3364,948.24,0
3365,0,0
3366,0,500.25
3367,1492.17,2564.1
3368,0,571.76
3369,0,571.1
3370,6289.31,1361.47
3371,0,1014.71
3372,0,458.51
3373,0,194.02
3374,0,0
3375,0,1351.86
3376,0,1048.77
3377,3105.59,0
3378,0,1712.33
3379,10443.86,1972.39
3380,0,0
3381,1724.14,0
3382,8795.67,1018.07
3383,0,0
3384,1677.15,652.53
3385,3712.87,1016.26
3386,0,1052.82
3387,1161.71,2972.4
3388,982.17,3799.45
3389,3949.97,0
3390,1308.9,1706.97
3391,1022.49,3745.32
3392,542.01,0
3393,3834.48,1682.09
3394,1802.24,726.74
3395,999,596.66
3396,1152.37,3937.01
3397,2027.17,886.52
3398,659.91,1726.12
3399,1206.57,1407.95
3400,1477.1,2534.85
3401,836.47,1384.4
3402,1132.5,1645.41
3403,1865.97,718.65
3404,660.43,0
3405,1407.29,2049.18
3406,344.08,1082.61
3407,225.78,635.99
3408,2201.62,328.78
3409,1033.97,780.34
3410,522.6,0
3411,1439.14,0
3412,2253.28,1252.82
3413,1390.3,1226.77
3414,2451.45,1192.89
3415,1190.9,2081.89
3416,2281.5,419.11
3417,2453.77,2318.39
3418,1213.46,0
3419,2406.39,948.14
3420,2641.31,1379.31
3421,1029.51,1534.92
3422,2107.04,0
3423,891.27,3080.37
3424,1215.45,1178.55
3425,961.4,1285.05
3426,329.82,1321
3427,788.23,1596.81
3428,2313.31,1147.66
3429,1310.43,0
3430,0,1209.19
3431,0,702.25
3432,1297.86,3859.04
3433,3976.14,779.78
3434,3997.72,1097.69
3435,2114.55,1265.82
3436,386.1,1209.4
3437,403.29,0
3438,2347.64,1967.64
3439,433.01,1799.64
3440,1432.32,967.24
3441,1370.96,0
3442,0,0
3443,761.32,263.74
3444,0,1694.92
3445,0,2393.54
3446,1209.07,240.38
3447,3333.33,278.78
3448,0,153.96
3449,817.66,1644.74
3450,1030.44,1402.92
3451,786.16,1164.64
3452,3846.15,0
3453,912.41,0
3454,1690.75,1796.71
3455,2359.73,2630.19
3456,1058.01,1044.39
3457,2042.9,1085.02
3458,733.14,2172.34
3459,2380.77,441.5
3460,0,441.89
3461,503.02,1920.12
3462,1759.26,3164.56
3463,762.16,1396.65
3464,2868.62,1532.18
3465,670.58,1380.02
3466,580.05,1733.1
3467,450.89,0
3468,0,1622.86
3469,998.09,1722.04
3470,1992.91,923.36
3471,938.92,1440.12
3472,3970.39,1547.99
3473,1929.57,558.66
3474,1501.5,1363.76
3475,0,2999.23
3476,0,278.01
3477,1391.11,0
3478,1036.63,0
3479,2229.03,1041.67
3480,0,2382.84
3481,0,1106.81
3482,0,899.18
3483,0,0
3484,5553.18,956.14
3485,431.97,2185.79
3486,1635.96,0
3487,3878.03,559.44
3488,1038.34,2768.17
3489,129.27,2760.52
3490,736.38,0
3491,1679.18,3012.05
3492,4381.69,0
3493,883.37,0
3494,1528.18,0
3495,716.98,550.96
3496,221.34,2378.12
3497,5055.61,5181.35
3498,1304.27,1784.24
3499,1269.28,3245.94
3500,850.34,957.72
3501,668.77,557.41
3502,872.83,1192.32
3503,633.31,818.33
3504,1075.69,254.39
3505,1288.76,1904.76
3506,442.91,991.54
3507,1871.26,1507.54
3508,1130.58,2638.25
3509,1041.88,874.13
3510,2266.57,0
3511,1271.62,1457.73
3512,1726.55,782.47
3513,3205.13,1347.78
3514,1714.11,774.14
3515,1612.61,1515.73
3516,1557.11,2248.88
3517,766.97,1782.53
3518,519.03,887.31
3519,2601.65,1041.88
3520,1236.39,1029.16
3521,1701.14,1011.32
3522,745.01,854.99
3523,0,1969.8
3524,1214.01,0
3525,526.18,4269.85
3526,920.13,1444.39
3527,1592.3,976.56
3528,1173.55,2359.13
3529,0,2306.97
3530,1707.81,860.9
3531,6003.43,589.1
3532,1395.35,2079.72
3533,1306.57,280.9
3534,2705.63,646.41
3535,2196.08,803.05
3536,1845.17,659.85
3537,0,315.89
3538,1180.15,1197.89
3539,1543.99,878.99
3540,2125.96,1895.73
3541,483.56,2463.4
3542,721.79,663.13
3543,1065.99,674.76
3544,809.06,667.56
3545,2288.33,362.13
3546,894.05,431.22
3547,1021.45,598.8
3548,390.32,0
3549,1140.88,2932.55
3550,1832.28,1783.17
3551,1847.45,1342.41
3552,2433.56,672.95
3553,2857.14,0
3554,2521.92,1798.98
3555,0,1111.93
3556,1451.02,1357.63
3557,3017.55,1157.01
3558,811.83,2349.62
3559,1540.44,0
3560,2735.44,1555.21
3561,1012.59,1028.45
3562,2451.77,1166.86
3563,3504.35,293.08
3564,907.47,1760.71
3565,521.24,1549.35
3566,1333.56,496.32
3567,794.28,193.76
3568,341.82,1028.23
3569,1253.51,522.63
3570,1112.35,252.53
3571,2451.36,0
3572,997.01,0
3573,1980.2,0
3574,1038.69,828.16
3575,2673.8,676.36
3576,1055.3,1658.37
3577,1806.27,0
3578,1514.21,465.55
3579,938.4,0
3580,1608.8,2531.65
3581,819.94,1642.64
3582,414.47,647.55
3583,649.05,0
3584,634.36,2127.66
3585,630.99,1007.67
3586,1006.95,0
3587,881.24,0
3588,482.64,999.71
3589,764.21,0
3590,1274.84,1151.08
3591,1019.37,656.6
3592,243.37,700.77
3593,362.78,0
3594,797.54,0
3595,549.75,0
3596,753.36,3215.43
3597,235.46,2320.72
3598,677.51,1983.14
3599,1119.19,0
3600,879.89,0
3601,974.83,6024.1
3602,1694.92,2308.14
3603,732.51,852.24
3604,1416.14,1354.17
3605,320.62,1106.81
3606,536.32,0
3607,274.75,3320.68
3608,826.78,2192.98
3609,1971.88,0
3610,1448.04,0
3611,3007.76,0
3612,1837.95,2785.52
3613,1364.26,2162.16
3614,1715.27,2466.7
3615,2903.08,1100.26
3616,1153.59,2919.42
3617,0,8802.82
3618,1992.03,638.57
3619,0,638.57
3620,2079,2244.67
3621,1310.31,1229.51
3622,1536.1,4184.1
3623,931.56,961.54
3624,6451.61,0
3625,1635.28,932.94
3626,3816.79,1043.76
3627,1320.42,528.73
3628,0,5880.16
3629,2988.05,0
3630,2463.41,783.01
3631,0,516.97
3632,2553.63,906.62
3633,0,905.8
3634,1186.24,3831.42
3635,903.09,2890.17
3636,1553.6,2894.36
3637,3099.35,1452.84
3638,1390.21,1785.31
3639,3149.56,3692.17
3640,1147.08,611.7
3641,0,975.49
3642,2930.83,1204.82
3643,653.11,383.48
3644,560.89,2130.49
3645,812.79,1530.31
3646,871.3,1555.21
3647,1631.32,2857.14
3648,0,1251.06
3649,689.69,784.62
3650,975.33,1427.26
3651,850.73,748.24
3652,873.52,1478.56
3653,1022.05,1066.67
3654,432.56,4089.98
3655,931.87,2700.56
3656,705.34,2774.27
3657,422.34,0
3658,0,0
3659,1724.56,0
3660,0,0
3661,0,0
3662,0,1002.13
3663,1480.88,3377.24
3664,842.82,1159.29
3665,1795.33,1535.09
3666,1323.96,2595.9
3667,1921.7,1190.48
3668,2116.4,821.69
3669,645.44,522.19
3670,3344.48,2506.89
3671,3087.08,844.83
3672,834.33,1958.86
3673,0,1362.71
3674,512.82,3457.22
3675,465.26,854.7
3676,518.4,1305.48
3677,678.45,3711.95
3678,1623.92,377.93
3679,619.09,439.75
3680,930.97,2471.58
3681,2112.96,638.73
3682,0,1105.58
3683,1122.75,1876.17
3684,1143.92,1904.92
3685,1084.86,0
3686,1702.13,2369.67
3687,750.19,2411.82
3688,1493.39,1884.66
3689,1926.04,1869.44
3690,2052.93,935.08
3691,0,1611.63
3692,1936.73,932.59
3693,1550.85,664.67
3694,1161.95,3742.8
3695,1603.02,901.96
3696,1247.47,791.77
3697,913.4,2227.17
3698,1208.56,3530.45
3699,0,4206.1
3700,1658.46,760.53
3701,1169.86,1258.95
3702,3243.66,1809.41
3703,1467.71,1353.57
3704,2999.14,1071.07
3705,765.04,2388.54
3706,2433.09,803.86
3707,438.74,1010.76
3708,1120.27,688.39
3709,0,1721.17
3710,1779.66,2700.27
3711,2487.39,1777.9
3712,400.4,1097.21
3713,1026.83,647.67
3714,503.03,2531.65
3715,746.38,1462.88
3716,622.2,1861.5
3717,550.58,2196.19
3718,976.76,2570.69
3719,861.33,3194.89
3720,1032.7,0
3721,2070.39,2577.32
3722,2546.19,0
3723,3704.66,1686.34
3724,1830.52,1677.85
3725,1214.57,0
3726,1865.45,992.06
3727,0,0
3728,622.47,0
3729,807.75,5326.23
3730,1185.46,836.12
3731,1333.51,1174.4
3732,741.66,0
3733,735.81,0
3734,1709.4,0
3735,2272.73,0
3736,1940.49,968.05
3737,1955.35,0
3738,2026.22,3246.75
3739,1286.04,0
3740,1155.63,0
3741,0,969.93
3742,740.47,0
3743,1089.89,0
3744,2527.31,3960.4
3745,3449.07,0
3746,801.25,2982.11
3747,439.47,744.7
3748,1521.37,1677.85
3749,816.81,2828.05
3750,0,2421.31
3751,614.96,790.55
3752,2201.03,1324.36
3753,1776.2,908.15
3754,1209.33,1403.78
3755,749.34,764.72
3756,1500.25,749.81
3757,1817.08,2762.43
3758,2240.48,506.84
3759,1988.86,1146.35
3760,3161.22,2942.91
3761,3522.68,3464.57
3762,3359.8,2004.51
3763,7431,2169.2
3764,4186.29,2016.13
3765,0,1900.24
3766,1292.99,0
3767,1192.67,0
3768,488,2994.01
3769,716.13,5023.44
3770,494.12,1295.9
3771,895.58,1626.05
3772,0,2225.52
3773,975.05,986.19
3774,501.38,1887.5
3775,1678.7,1195.99
3776,1566.88,1906.58
3777,896.86,1426.53
3778,3733.33,857.85
3779,474.41,0
3780,1798.97,0
3781,0,1897.53
3782,4255.32,1848.43
3783,1721.17,1710.23
3784,2898.55,701.75
3785,2453.58,2688.17
3786,240.73,704.72
3787,0,1938.92
3788,0,1499.28
3789,0,0
3790,2186.43,0
3791,1328.12,1358.08
3792,2010.83,2020.36
3793,1016.78,0
3794,3079.51,1984.75
3795,1290.16,1347.71
3796,1565.76,1698.27
3797,998.25,1348.11
3798,567.62,774.91
3799,2518.04,1346.9
3800,1137.4,1832.15
3801,998.4,3125
3802,779.83,0
3803,1218.97,0
3804,2157.76,1227.38
3805,1146.6,4184.1
3806,487.49,0
3807,1191.9,2842.93
3808,0,0
3809,890.98,0
3810,485.55,3065
3811,1305.48,1432.66
3812,2904.34,1798.56
3813,1828.15,1654.94
3814,1705.45,0
3815,1866.1,777.6
3816,436.49,588.93
3817,1867.41,373.83
3818,823.94,401.12
3819,1062.57,911.77
3820,1401.37,1950.09
3821,701.44,788.02
3822,2186.19,6617.04
3823,1077.88,1666.67
3824,459.98,1708.23
3825,1152.21,0
3826,2035.04,0
3827,623.34,0
3828,339.33,0
3829,1063.9,2352.94
3830,0,804.72
3831,0,0
3832,2306.56,2008.03
3833,712.5,843.88
3834,965.59,0
3835,1614.29,901.47
3836,1221,1149.67
3837,1620.31,2069.17
3838,879.57,2352.71
3839,2151.12,1088.34
3840,1135.98,0
3841,520.95,1091.7
3842,790.04,1071.81
3843,1446.1,1051.52
3844,2646.12,4594.18
3845,3395.14,0
3846,1896.15,3539.82
3847,2185.95,1230.01
3848,1128.16,2484.27
3849,1089.99,4005.34
3850,505.33,745.16
3851,2166.85,0
3852,781.95,3120.12
3853,729.04,2074.69
3854,2948.46,476.19
3855,994,0
3856,1646.9,0
3857,1250,2323.42
3858,1261.83,0
3859,887.67,626.96
3860,891.66,1615.51
3861,1363.18,0
3862,0,0
3863,2551.02,1017.94
3864,220.51,581.17
3865,1956.77,533.19
3866,1617.25,483.56
3867,1360.54,1302.08
3868,1835.81,2070.39
3869,1395.19,1934.24
3870,1911.51,1744.9
3871,2129.93,0
3872,1249.22,1042.21
3873,530.5,4694.84
3874,2986.65,1047.12
3875,2088.77,0
3876,1222.49,0
3877,579.54,4261.91
3878,1617.6,3129.89
3879,590.8,2990.53
3880,1361.32,3101.74
3881,827.62,0
3882,465.55,1769.91
3883,1129.94,2309.47
3884,814.61,0
3885,1212.86,0
3886,594.88,0
3887,1394.31,1201.92
3888,623.99,2949.85
3889,1659.6,2915.45
3890,324.78,2967.36
3891,289.46,6207.97
3892,906.49,2967.36
3893,883.96,0
3894,1014.42,698.81
3895,503.52,0
3896,2574,3653.44
3897,1712.92,4536.29
3898,1840.77,3040.22
3899,1152.96,0
3900,0,3969.47
3901,0,1690.62
3902,1000.5,0
3903,870.09,1360.54
3904,1813.62,3902.44
3905,1394.05,0
3906,3641.18,1536.1
3907,2083.49,1675.74
3908,1146.33,0
3909,1227.98,0
3910,1103.3,0
3911,4566.21,893.66
3912,563.25,0
3913,987.25,1533.74
3914,0,0
3915,939.39,1697.22
3916,2699.99,2297.79
3917,1320.25,1589.83
3918,431.72,883
3919,786.82,1243.78
3920,1811.13,0
3921,2181.4,3021.15
3922,1509.81,4038.36
3923,622.64,952.38
3924,2428.95,1319.26
3925,1218.77,0
3926,873.74,1101.49
3927,722.28,4396.98
3928,1650.17,2941.18
3929,1740.07,0
3930,2031.13,1141.55
3931,548.19,0
3932,379.58,0
3933,1600.75,8018.33
3934,1926.78,0
3935,716.1,2819.55
3936,0,1338.69
3937,2080.33,1472.75
3938,2715.28,2190.58
3939,3378.38,1062.7
3940,1769.35,0
3941,2366.4,0
3942,1378.13,0
3943,2067.82,931.1
3944,2518.89,4494.38
3945,3700.96,0
3946,305.75,0
3947,449.91,2352.94
3948,684.21,1172.33
3949,335.03,5330.49
3950,668.45,5376.34
3951,2474.02,0
3952,4887.87,2708.19
3953,4498.71,0
3954,3406.63,1183.43
3955,1276.97,997.01
3956,2247.26,836.82
3957,1806.68,0
3958,1279.52,4077.47
3959,2527.65,1283.7
3960,1085.19,1890.12
3961,4206.5,1437.04
3962,1154.73,1877.93
3963,1623.38,1798.56
3964,1696.86,0
3965,2087.68,1131.22
3966,1065.53,0
3967,3122.56,1953.13
3968,826.45,1964.64
3969,0,4158
3970,778.29,987.17
3971,1851.85,618.05
3972,1901.14,1381.22
3973,0,983.28
3974,913.8,1448.23
3975,812.35,0
3976,2577.32,836.12
3977,966.18,0
3978,1521.51,0
3979,0,3200
3980,2343.02,83.41
3981,0,899.08
3982,0,0
3983,4149.38,3811.94
3984,1099.57,0
3985,2066.27,0
3986,805.15,3164.56
3987,1611.62,2658.29
3988,1003.32,0
3989,1857.09,2359.27
3990,951.47,1081.08
3991,137.17,0
3992,1842.23,2436.45
3993,1009.01,1564.95
3994,2197.61,0
3995,803.75,1848.43
3996,609.2,1765.33
3997,1155.39,0
3998,4885.99,910.75
3999,2649.51,0
4000,1904.16,0
4001,1584.51,0
4002,1066.95,0
4003,989.14,0
4004,1369.39,1736.11
4005,1578.66,1258.46
4006,817.25,8456.66
4007,1097.69,1328.02
4008,0,3257.33
4009,326.16,1021.45
4010,1619,1181.1
4011,803.44,1411.1
4012,4617.75,5452.56
4013,2780.35,0
4014,2148.23,0
4015,9259.26,4316.55
4016,1307.68,778.21
4017,2815.91,1063.83
4018,0,0
4019,1878.22,1077.59
4020,1001.34,2523.66
4021,1393.46,1765.99
4022,495.61,2185.79
4023,895.55,0
4024,639.69,0
4025,943.91,2466.09
4026,1764.06,0
4027,1235.23,0
4028,4594.59,0
4029,684.23,0
4030,2378.59,0
4031,847.76,1190.48
4032,5618.57,645.58
4033,2538.45,2843.6
4034,1164.76,2862.05
4035,662.2,1379.94
4036,575.77,1210.65
4037,824.81,0
4038,1597.73,0
4039,1247.63,0
4040,1046.53,3355.7
4041,1037.44,1150.95
4042,1170.23,0
4043,753.49,0
4044,1427.74,0
4045,2297.29,2200.7
4046,2672.01,2623.14
4047,1955.25,0
4048,723.74,3468.21
4049,2596.43,0
4050,1365.93,3846.15
4051,0,0
4052,2367.8,2683.36
4053,0,1205.74
4054,813.88,0
4055,2259.04,314.56
4056,3424.66,0
4057,2454.38,854.7
4058,1197.6,2105.26
4059,1248.44,934.58
4060,1220.5,4909.98
4061,1057.55,1367.99
4062,4407.75,989.12
4063,0,0
4064,2621.23,0
4065,1925.85,0
4066,443.33,0
4067,1179.54,1661.32
4068,848.52,1508.3
4069,1534.75,8313.54
4070,1832.06,3361.34
4071,2455.84,5502.39
4072,750.77,0
4073,637.44,0
4074,4582.28,0
4075,1223.99,0
4076,1539.05,0
4077,2643.17,824.06
4078,1375.33,0
4079,1312.34,0
4080,774.14,4008.02
4081,5325.44,1785.71
4082,3791.47,0
4083,1686.34,2254.79
4084,527.98,2288.33
4085,3128.26,0
4086,293.77,0
4087,1297.86,0
4088,723.41,0
4089,1044.59,0
4090,796.87,12771.39
4091,1076.46,0
4092,1148.29,0
4093,1906.58,2372.48
4094,2278.58,1976.28
4095,870.32,1020.41
4096,743.2,13824.88
4097,994.15,0
4098,2719.16,0
4099,1134.08,0
4100,1135.72,1203.37
4101,1419.59,0
4102,307.41,2016.13
4103,1288.66,0
4104,1798.71,0
4105,2545.42,0
4106,2571.38,1128.67
4107,771.68,1468.43
4108,1132.25,4524.89
4109,396.09,0
4110,922.62,0
4111,1994.48,0
4112,2275.83,0
4113,1222.38,2070.39
4114,1359.54,0
4115,0,1158.75
4116,2530.65,2512.98
4117,1435.66,4103.97
4118,1955.03,1193.32
4119,1946.41,709.22
4120,0,1577.29
4121,2408.28,0
4122,1178.47,1085.78
4123,828.38,0
4124,1177.24,3869.97
4125,1376.11,0
4126,1154.76,0
4127,1051.71,0
4128,645.74,0
4129,1003.61,2609.02
4130,2511.33,2525.25
4131,1788.81,0
4132,2507.84,2012.07
4133,3581.32,523.56
4134,0,0
4135,1401.3,0
4136,460.62,0
4137,0,0
4138,789.27,0
4139,4026.85,0
4140,660.94,0
4141,1181.68,0
4142,1042.21,0
4143,1767.68,1170.96
4144,478.16,2590.06
4145,3401.36,773.99
4146,353.48,799.84
4147,826.76,2668.45
4148,1950.73,0
4149,363.77,2469.14
4150,0,1741.55
4151,1399.99,1651.53
4152,1742.16,1157.41
4153,2348.8,1179.25
4154,326.85,1199.04
4155,1125.8,0
4156,4583.06,1622.06
4157,327.3,2014.32
4158,1110.86,1808.32
4159,876.63,7926.02
4160,4676.59,0
4161,1722.65,0
4162,0,1156.07
4163,1833.6,0
4164,1605.74,0
4165,527.42,609.76
4166,810.96,6000
4167,1556.04,3354.77
4168,325.84,2383.79
4169,1410.09,3698.57
4170,2104.71,0
4171,917.85,6869.48
4172,1460.92,1234.62
4173,613.87,1121.08
4174,1088.56,908.27
4175,1140.83,926.35
4176,1435.48,0
4177,1847.83,1605.14
4178,486.93,1869.16
4179,761.65,0
4180,1256.6,2824.86
4181,1360.62,0
4182,3560.5,0
4183,2252.39,0
4184,2833.72,1910.83
4185,742.42,1121.08
4186,1145.48,0
4187,584.45,1552.8
4188,1906.32,2424.24
4189,1988.84,0
4190,0,0
4191,1689.36,0
4192,743.56,7633.59
4193,916.14,819.84
4194,1379.42,1530.22
4195,7082.18,2566.5
4196,0,1430.62
4197,483.39,1697.79
4198,910.56,1471.83
4199,0,761.32
4200,5091.65,624.67
4201,6535.95,3222.34
4202,6525.29,0
4203,0,1668.06
4204,2656.04,1814.5
4205,1889.17,1054.3
4206,1293.66,3327.79
4207,2364.07,2518.89
4208,648.29,0
4209,2373.89,0
4210,763.94,1822.6
4211,1706.48,3030.3
4212,752.16,0
4213,0,4219.41
4214,2425.14,0
4215,1841.62,3533.57
4216,0,1319.26
4217,4048.58,1588.14
4218,1673.64,0
4219,2543.23,2347.42
4220,3089.6,1746.46
4221,5110.73,477.63
4222,2994.01,2127.35
4223,1153.48,1783.19
4224,2032.06,1483.68
4225,222.17,711.24
4226,542.95,4299.75
4227,0,503.85
4228,759.3,
4229,0,
4230,0,
4231,551.77,
4232,0,
4233,1355.93,
4234,2478.31,
4235,2523.13,
4236,2026.34,
4237,1583.53,
4238,2411.58,
4239,0,
4240,1184.89,
4241,6230.53,
4242,0,
4243,0,
4244,0,
4245,3327.79,
4246,2580.65,
4247,2583.98,
4248,3271.54,
4249,0,
4250,5089.06,
4251,3121.75,
4252,2865.33,
4253,1473.19,
4254,2139.04,
4255,850.34,
4256,3200,
4257,3200,
4258,2600.78,
4259,3530.45,
4260,0,
4261,0,
4262,2525.25,
4263,0,
4264,0,
4265,0,
4266,1233.05,
4267,2243.16,
4268,2754.82,
4269,1941.75,
4270,1545.6,
4271,2331,
4272,472.93,
4273,3700.08,
4274,1869.91,
4275,1394.79,
4276,662.73,
4277,1694.92,
4278,3409.09,
4279,670.65,
4280,791.09,
4281,2656.04,
4282,0,
4283,756.05,
4284,0,
4285,1241.25,
4286,171.17,
4287,1694.54,
4288,2374.5,
4289,2772,
4290,1118.49,
4291,0,
4292,1993.52,
4293,1397.44,
4294,2176.28,
4295,2371.27,
4296,1091.7,
4297,1701.4,
4298,1354.55,
4299,705.72,
4300,896.86,
4301,2019.62,
4302,139.24,
4303,771.93,
4304,1563.72,
4305,0,
4306,938.97,
4307,1635.75,
4308,1020.41,
4309,166.13,
4310,3539.82,
4311,1327.43,
4312,1603.08,
4313,0,
4314,0,
4315,7001.17,
4316,5082.59,
4317,4451.04,
4318,1787.84,
4319,936.33,
4320,6147.54,
4321,905.13,
4322,1396.65,
4323,1055.39,
4324,630.02,
4325,1623.33,
4326,1015.23,
4327,1041.12,
4328,1496.26,
4329,0,
4330,2500,
4331,3285.87,
4332,0,
4333,0,
4334,0,
4335,3990.42,
4336,1105.18,
4337,1106.93,
4338,1668.06,
4339,2166.85,
4340,910.15,
4341,1628.66,
4342,429.77,
4343,998.27,
4344,2341.31,
4345,1723.81,
4346,0,
4347,1380.16,
4348,1254.51,
4349,918.27,
4350,0,
4351,2703.62,
4352,3587.44,
4353,0,
4354,2636.2,
4355,1357.81,
4356,3745.32,
4357,4694.84,
4358,1606.21,
4359,889.56,
4360,972.47,
4361,378.53,
4362,1020.31,
4363,2560,
4364,488.35,
4365,1835.82,
4366,1134.54,
4367,3030.3,
4368,1498.31,
4369,666.41,
4370,722.02,
4371,1934.75,
4372,2018.57,
4373,1650.17,
4374,1550.39,
4375,2645.5,
4376,1550.39,
4377,437.83,
4378,1692.46,
4379,3976.14,
4380,814.91,
4381,303.11,
4382,1450.66,
4383,1672.91,
4384,749.59,
4385,2268.03,
4386,2136.98,
4387,774.17,
4388,739.64,
4389,1681.52,
4390,674.58,
4391,2494.27,
4392,677.66,
4393,1527.94,
4394,936.91,
4395,3036.05,
4396,1517.96,
4397,1591.34,
4398,1296.73,
4399,2231.93,
4400,2517.13,
4401,2809.6,
4402,755.16,
4403,2198.19,
4404,2154.74,
4405,2518.89,
4406,2463.05,
4407,1617.25,
4408,742.12,
4409,0,
4410,2379.06,
4411,0,
4412,3204.72,
4413,1995.07,
4414,1541.96,
4415,1064.92,
4416,3064.8,
4417,3067.48,
4418,757.7,
4419,1129.6,
4420,828.02,
4421,651.16,
4422,1877.58,
4423,1877.31,
4424,989.45,
4425,901.71,
4426,1330.67,
4427,2157.03,
4428,2021.66,
4429,590.67,
4430,110.86,
4431,1669.61,
4432,925.51,
4433,0,
4434,1158.87,
4435,1230.1,
4436,5353.32,
4437,454.96,
4438,931.97,
4439,520.63,
4440,3258.29,
4441,1768.7,
4442,0,
4443,1408.31,
4444,1354.83,
4445,1426.53,
4446,717.53,
4447,0,
4448,1283.6,
4449,2187.82,
4450,0,
4451,834.27,
4452,923.97,
4453,745.19,
4454,365.5,
4455,3116.88,
4456,2908.16,
4457,833.95,
4458,571.27,
4459,0,
4460,2685.42,
4461,1405.11,
4462,1990.05,
4463,389.46,
4464,1806.4,
4465,403.43,
4466,2936.86,
4467,3092.78,
4468,387.45,
4469,3117.69,
4470,1352.87,
4471,2082.13,
4472,0,
4473,3149.61,
4474,827.64,
4475,720.72,
4476,2087.68,
4477,2428.36,
4478,1064.44,
4479,674.42,
4480,1304.59,
4481,926.35,
4482,0,
4483,2755.45,
4484,0,
4485,4937.33,
4486,1258.99,
4487,0,
4488,0,
4489,3021.15,
4490,1244.16,
4491,1137.7,
4492,905.62,
4493,1319.43,
4494,1923.36,
4495,1088.73,
4496,2816.9,
4497,440.92,
4498,599.88,
4499,560.18,
4500,2101.94,
4501,0,
4502,3018.25,
4503,1048.66,
4504,1099.41,
4505,3345.07,
4506,517,
4507,256.52,
4508,2603.73,
4509,895.26,
4510,1084.01,
4511,2872.59,
4512,1322.72,
4513,2590.67,
4514,1345.17,
4515,0,
4516,1899.54,
4517,3364.17,
4518,2462.3,
4519,40.84,
4520,1166.04,
4521,1569.86,
4522,2636.78,
4523,0,
4524,15.22,
4525,2359.6,
4526,3218.02,
4527,2653.4,
4528,0,
4529,0,
4530,2784.55,
4531,1270.65,
4532,1663.89,
4533,1588.98,
4534,0,
4535,2156.72,
4536,2400.96,
4537,2336.45,
4538,0,
4539,707.71,
4540,420.9,
4541,801.92,
4542,7334.96,
4543,1569.86,
4544,7806.4,
4545,3861,
4546,2626.97,
4547,1118.15,
4548,638.57,
4549,0,
4550,1654.26,
4551,0,
4552,2053.39,
4553,2343.75,
4554,0,
4555,1466.89,
4556,4800,
4557,0,
4558,0,
4559,1773.05,
4560,738.99,
4561,343.17,
4562,1805.05,
4563,0,
4564,7981.76,
4565,0,
4566,2528.45,
4567,0,
4568,1242.54,
4569,0,
4570,5605.38,
4571,1086.96,
4572,2506,
4573,2212.01,
4574,3064.35,
4575,0,
4576,2534.85,
4577,3093.58,
4578,1616.67,
4579,3070.51,
4580,942.51,
4581,1154.73,
4582,2232.14,
4583,1153.4,
4584,1173.71,
4585,1484.78,
4586,0,
4587,0,
4588,0,
4589,1597.44,
4590,1567.4,
4591,1154.73,
4592,0,
4593,2066.12,
4594,0,
4595,4253,
4596,0,
4597,0,
4598,1356.85,
4599,598.52,
4600,1979.67,
4601,1025.64,
4602,1917.55,
4603,848.9,
4604,2894.36,
4605,1643.39,
4606,3862.87,
4607,0,
4608,1492.54,
4609,1482.95,
4610,1195.39,
4611,1757.47,
4612,3412.97,
4613,1694.92,
4614,0,
4615,1272.26,
4616,1353.18,
4617,3164.56,
4618,0,
4619,1499.75,
4620,885.74,
4621,1892.91,
4622,0,
4623,0,
4624,1468.43,
4625,0,
4626,0,
4627,0,
4628,0,
4629,0,
4630,0,
4631,0,
4632,1340.48,
4633,1564.95,
4634,3680.53,
4635,1165.71,
4636,0,
4637,627.75,
4638,281.25,
4639,0,
4640,398.37,
4641,1158.87,
4642,2773.93,
4643,667.56,
4644,3521.13,
4645,5714.29,
4646,1215.07,
4647,0,
4648,0,
4649,3058.1,
4650,1558.85,
4651,4618.94,
4652,1406.47,
4653,1332.15,
4654,0,
4655,4587.16,
4656,0,
4657,1246.88,
4658,1265.27,
4659,0,
4660,0,
4661,1126.18,
4662,5869.41,
4663,4237.29,
4664,2008.61,
4665,1065.39,
4666,1477.1,
4667,0,
4668,0,
4669,0,
4670,994.04,
4671,383.14,
4672,2679.77,
4673,1226.49,
4674,0,
4675,0,
4676,1841.62,
4677,1616.16,
4678,813.78,
4679,843.46,
4680,0,
4681,1883.24,
4682,0,
4683,1389.53,
4684,1435.11,
4685,2430.02,
4686,0,
4687,1860.89,
4688,1729.41,
4689,1225.94,
4690,668.9,