ID_its,1650_59,1660_69
1,0,0
2,662.01,0
3,191.36,0
4,1625.28,0
5,475.62,0
6,338.29,0
7,326.26,377.42
8,110.05,3062.48
9,0,1059.2
10,0,1236.4
11,1717.51,792.96
12,155.21,615.22
13,227.1,554.39
14,151.22,1046.46
15,0,1097.39
16,0,0
17,268.1,44.61
18,0,0
19,1614.98,908.27
20,454.28,231
21,0,0
22,458.3,378.07
23,0,186.74
24,674.99,522.74
25,79.99,986.77
26,218.89,224.73
27,572.92,0
28,133.58,1212.42
29,0,0
30,516.91,972.45
31,0,645.79
32,56.48,442.09
33,477.74,463.46
34,931,0
35,2471.17,1944.41
36,0,2316.3
37,0,69.97
38,223.15,821.3
39,363.11,659.82
40,142.75,0
41,10.84,862.81
42,119.74,0
43,892.41,690.49
44,36.65,0
45,0,0
46,317.7,0
47,440.4,0
48,346.68,172.96
49,169.78,0
50,3225.81,646.53
51,0,0
52,53.05,0
53,0,0
54,1017.05,0
55,581.64,282.02
56,87.8,0
57,0,0
58,0,757.74
59,0,0
60,0,0
61,1001,0
62,0,0
63,0,657.4
64,0,1038.42
65,0,594.18
66,0,1776.2
67,234.36,283.97
68,0,309.98
69,0,0
70,1274.83,0
71,264.9,0
72,2622.99,215.05
73,1346.1,452.49
74,1323.91,242.13
75,1361.82,453.82
76,820.17,369.69
77,987.12,715.25
78,0,3994.92
79,297.15,747.01
80,1366.76,3537.16
81,353.27,729.93
82,725.26,890.9
83,613.87,1085.3
84,912.77,3813.56
85,1984.94,0
86,777.3,0
87,0,3066.36
88,0,292.18
89,753.25,0
90,1023.37,61.95
91,1005.44,124.14
92,1321,0
93,670.35,0
94,740.32,0
95,144.78,31.16
96,633.31,966.61
97,112.05,169.05
98,89.04,95.27
99,0,316.57
100,0,509.94
101,102.27,708.47
102,338.47,1237.68
103,66.46,51.85
104,0,0
105,319.49,449.78
106,764.38,0
107,0,0
108,0,506.59
109,166.56,549.05
110,417.79,0
111,480.5,2510.96
112,362.58,171.06
113,304.88,266.9
114,107.64,420.83
115,175.44,1542.72
116,2222.04,54.36
117,191.25,5305.17
118,1238.01,800.87
119,522.06,534
120,1227.37,333.78
121,0,272.18
122,295.28,218.71
123,62.58,945.48
124,0,46.26
125,0,618.42
126,159.74,880.04
127,2312.19,407.83
128,0,664.67
129,391.67,904.86
130,497.59,0
131,931.58,891.46
132,41,387.13
133,188.26,1256.05
134,3508.89,0
135,2180.45,420.08
136,1840.86,0
137,2611.67,906.09
138,3142.56,1089.58
139,6004.46,1007.47
140,422.39,509.01
141,222.47,0
142,26.88,965.09
143,192.39,714.29
144,431.06,529.3
145,1248.65,2203.19
146,3051.76,887.87
147,3665.41,0
148,46.58,431.13
149,1133.09,314.17
150,464.33,398.17
151,1708.07,128.5
152,0,0
153,2531.42,0
154,805.8,0
155,297,113.82
156,220.9,75.48
157,25.92,198.05
158,1466.51,1474.93
159,0,1217.14
160,127.1,539.28
161,257.71,2954.6
162,0,1612.29
163,881.77,875.66
164,142.05,651.23
165,0,857.63
166,248.88,201.65
167,878.48,411.09
168,490.42,0
169,77.19,4004.58
170,403.71,111.62
171,220.53,0
172,176.86,342.2
173,96.71,243.52
174,24,0
175,24.2,171.66
176,1888.72,1532.86
177,344.06,312.3
178,843.66,0
179,0,194.78
180,84.82,696.2
181,0,187.34
182,0,411.95
183,653.17,1404.92
184,217.56,0
185,86.13,117.12
186,106.72,126.28
187,82.8,0
188,23.94,204.79
189,73.67,0
190,1049.98,876.77
191,0,563.38
192,0,216.14
193,71.83,343.38
194,29,1730.1
195,0,0
196,144.78,227.68
197,0,245.26
198,309.79,254.68
199,1665.43,1867.45
200,3352.4,1220.36
201,69.14,541.93
202,335.43,815
203,469.1,0
204,952.27,425.41
205,469.36,240.28
206,403.13,136.89
207,298.54,102.12
208,410.22,2302.42
209,1302.66,4585.69
210,984,779.59
211,667.5,0
212,1383.37,1968.5
213,0,0
214,0,464.45
215,553.17,263.75
216,604.41,408.6
217,352.36,4048.77
218,734.43,0
219,787.49,0
220,642.09,568.84
221,243.37,63.92
222,0,430.85
223,408.75,0
224,0,0
225,1270.81,1618.79
226,551.39,2284.35
227,557.03,2882.17
228,1175.83,1820.23
229,385.02,3530.49
230,406.83,1716.03
231,543.33,2409.3
232,814.44,813.69
233,847.94,2922.77
234,1943.84,1225.46
235,1054.48,457.67
236,179.9,0
237,1476.21,0
238,308.07,0
239,393.29,251.08
240,1158.75,88.44
241,433.84,241.43
242,68.01,0
243,174.46,0
244,153.84,271.92
245,158.78,258.4
246,224.62,383.41
247,150.26,283.65
248,278.67,0
249,63.78,25.2
250,341.23,0
251,1321.03,896.29
252,442.23,320
253,0,732.33
254,2265.52,221.81
255,693.77,0
256,242.39,0
257,454.17,707.21
258,0,210.08
259,0,348.19
260,329.94,164.91
261,0,0
262,0,319.35
263,919.12,30.13
264,694.55,60.2
265,0,0
266,0,0
267,146.58,650.2
268,0,0
269,0,0
270,432.9,574.08
271,580.89,441.92
272,554.48,0
273,0,0
274,123.33,201.32
275,382.51,86.05
276,0,0
277,0,0
278,196.72,99.14
279,947.12,3528.89
280,886.47,952.5
281,861.33,584.59
282,0,133.25
283,545.55,610.5
284,248.27,0
285,47.36,0
286,873.7,672.01
287,1529.03,0
288,0,336.76
289,0,480.63
290,0,206.49
291,625.25,842.28
292,0,437.02
293,43.37,812.98
294,158.26,193.49
295,0,364.17
296,735.87,0
297,139.29,2121.19
298,0,270.33
299,235.1,0
300,710.27,642.36
301,167.34,3370.63
302,0,3203.84
303,0,269.2
304,0,1209.82
305,0,0
306,2081.64,334.45
307,3494.6,338.87
308,0,1211.44
309,3561.37,680.58
310,0,0
311,444.31,203.46
312,0,2540.01
313,603.38,545.26
314,180.46,652.67
315,521.38,383.07
316,174.79,108.51
317,60.17,210.05
318,0,378.68
319,0,144.5
320,361.7,101.81
321,0,714.8
322,0,1527
323,0,404.56
324,0,0
325,0,1365.19
326,0,41.78
327,214.41,56.8
328,183.97,495.88
329,436.3,379.36
330,2346.3,379.48
331,179.01,0
332,149.12,0
333,2498.24,273.9
334,90.13,412.23
335,253.83,0
336,0,0
337,102.63,0
338,363.86,982.32
339,340.55,10104.79
340,312.95,314.96
341,0,0
342,178.78,91.67
343,0,2483.96
344,25.62,0
345,161.06,3775.03
346,144.48,1445.13
347,1088.82,0
348,0,640.78
349,467.83,0
350,0,0
351,524,0
352,1127.4,3036.14
353,696.65,144
354,942.65,706.36
355,676.34,136.41
356,90.68,318.78
357,47.88,0
358,2446.66,0
359,257.82,0
360,0,788.25
361,135.86,141.95
362,0,612.59
363,46.09,382.36
364,71.48,289.52
365,43.24,0
366,177.2,125.03
367,32.68,443.85
368,0,218.77
369,141.53,367.38
370,200.76,0
371,0,1169.46
372,1217.41,2251.36
373,848.9,119.27
374,424.31,375.8
375,399.95,97.97
376,385.85,0
377,632.6,216.54
378,32.04,298.01
379,381.19,376.22
380,0,758.42
381,82.66,446.83
382,211.59,279.92
383,82.66,1282.6
384,165.56,0
385,651.57,0
386,186.23,0
387,3.36,0
388,60.93,302.94
389,210.73,302.39
390,634.25,1021.45
391,102.93,0
392,0,0
393,824.4,0
394,11.42,0
395,230.15,0
396,354.74,0
397,523.54,1445.61
398,566.3,0
399,172.21,0
400,0,0
401,0,0
402,0,2298.85
403,0,2155.17
404,0,0
405,0,1156.74
406,0,0
407,0,0
408,241.31,0
409,0,0
410,475.34,0
411,0,0
412,0,0
413,1166.41,0
414,512.58,0
415,0,0
416,0,0
417,840.96,0
418,437.93,0
419,608.32,0
420,302.66,0
421,2627.84,0
422,2086.44,0
423,0,0
424,284.97,0
425,1826.25,0
426,0,0
427,366.08,0
428,0,0
429,328.52,0
430,0,0
431,0,0
432,0,0
433,357.21,0
434,357.65,0
435,0,0
436,167.95,0
437,644.51,0
438,253.68,0
439,402.51,0
440,0,0
441,198.01,0
442,0,0
443,187.29,0
444,212.49,0
445,76.93,0
446,323.31,0
447,1041.2,0
448,967.87,0
449,1060.89,0
450,6.52,0
451,756.27,0
452,330.65,0
453,0,0
454,144.38,0
455,0,0
456,51.23,0
457,0,0
458,1291.99,0
459,0,0
460,1446.48,0
461,0,0
462,0,0
463,45.73,0
464,255.36,0
465,20.89,0
466,0,0
467,0,0
468,116.05,0
469,132.42,0
470,1290.32,0
471,575.58,0
472,464.4,0
473,0,0
474,0,0
475,68.28,0
476,1263.22,0
477,1348.14,0
478,75.51,0
479,896.24,0
480,440.89,0
481,209.71,0
482,0,0
483,0,0
484,0,0
485,0,0
486,416.38,0
487,538.41,0
488,236.57,0
489,343.43,0
490,184.11,0
491,0,0
492,88.34,0
493,0,0
494,5249.34,0
495,0,0
496,0,0
497,144.23,0
498,355.24,0
499,0,0
500,392.13,0
501,0,0
502,0,1141.03
503,344.29,633.41
504,2210.99,1290.87
505,0,1330.3
506,892.86,50.91
507,0,0
508,784.93,0
509,727.8,0
510,0,1688.5
511,1287,0
512,0,0
513,0,141.1
514,0,494.07
515,12.85,298.03
516,123.56,0
517,692.04,301.42
518,227.17,0
519,725.13,0
520,367.42,0
521,1866.21,0
522,506.41,0
523,0,0
524,0,0
525,0,0
526,0,96.03
527,0,328.18
528,0,517.21
529,0,955.11
530,0,0
531,0,0
532,0,156.34
533,0,0
534,0,330.36
535,0,384.78
536,0,300.78
537,0,27.26
538,0,585.85
539,202.15,155.15
540,295.44,86.8
541,302.3,0
542,0,114.2
543,0,161.2
544,0,279.25
545,0,1875.39
546,0,495.79
547,0,116.66
548,0,1255.06
549,0,2380.73
550,0,138.24
551,0,0
552,0,0
553,0,4054.05
554,3601.44,76.53
555,999,241.85
556,533.9,1835.18
557,214.4,116.71
558,716.73,0
559,0,550.96
560,340.91,83.15
561,376.8,0
562,3964.83,105.89
563,684.93,0
564,256.67,0
565,1157.11,0
566,551.92,0
567,87.8,123.23
568,279.25,134.92
569,586.57,315.57
570,156.7,957.41
571,203.56,0
572,262.5,287.11
573,601.57,114.88
574,343.03,2207.51
575,444.15,0
576,0,45.28
577,0,419.82
578,251.69,848.25
579,1065.44,781.77
580,0,0
581,169.76,0
582,0,161.06
583,176.07,2257.6
584,33.67,1037.04
585,96.87,1101.5
586,1662.86,1528.42
587,1524.66,52.41
588,159.39,613.47
589,76.18,162.55
590,0,129.99
591,0,103.27
592,0,270.93
593,0,0
594,255.05,0
595,916.05,0
596,906.25,0
597,560.22,30.61
598,685.74,141.71
599,0,442.18
600,0,61.58
601,333.78,1057.43
602,295.68,1132.69
603,545.55,1402.81
604,836.25,297.97
605,1280.29,0
606,1192.76,0
607,361.79,0
608,952.9,359.63
609,881.04,385.51
610,124.96,0
611,0,217.27
612,0,508.65
613,1350.5,0
614,63.35,18.65
615,132.78,305.38
616,52.61,236.58
617,398.92,2839.52
618,315.16,808.73
619,348.76,660.85
620,670.63,269.45
621,0,0
622,451.38,2575.7
623,696.86,720.86
624,251.26,340.99
625,319.36,2106.15
626,0,0
627,0,3386.6
628,282.74,1576.21
629,898.07,0
630,2409.64,0
631,291.64,1455.6
632,0,3242.24
633,212.85,1278.77
634,0,0
635,0,43.98
636,469.04,2591.12
637,0,0
638,0,999.25
639,0,163.69
640,474.83,0
641,146.11,808.41
642,322.84,3333.33
643,0,470.53
644,793.34,314.66
645,1814.88,0
646,1193.68,452.18
647,2255.68,164.39
648,1935.39,154.19
649,63.52,77.27
650,55.13,0
651,135.52,0
652,83.07,549.82
653,83.22,0
654,411.86,0
655,126.44,0
656,176.24,99.42
657,101.99,1038.46
658,30.11,351.74
659,79.8,0
660,618.72,315.86
661,322.25,412.37
662,0,0
663,79.84,1151.08
664,295.42,543.04
665,334,0
666,674.76,0
667,960.12,0
668,126.76,363.77
669,0,346.76
670,0,928.96
671,0,266.59
672,445.89,376.41
673,177.13,11.18
674,0,2148.93
675,0,2350.95
676,0,1433.74
677,276.09,207.51
678,88.42,768.34
679,304.6,0
680,275.1,340.72
681,0,0
682,0,0
683,761.9,377.07
684,0,943.49
685,0,1004.46
686,329.06,343.45
687,94.07,3.86
688,0,0
689,113.56,730.46
690,109.38,365.54
691,535.48,0
692,287.02,502.95
693,0,110.57
694,505.64,400
695,359.84,215.29
696,221.03,471.03
697,90.29,649.47
698,441.09,653.24
699,137.39,695.63
700,280.57,0
701,0,0
702,19.35,0
703,480.2,508.91
704,0,446.65
705,262.64,457.56
706,14.93,327.44
707,181.06,0
708,300.56,0
709,0,701.26
710,42.48,33
711,110.46,0
712,411.15,0
713,269.63,0
714,0,163.75
715,941.34,48.26
716,137.61,0
717,647.1,439.29
718,0,269.18
719,93.59,602.26
720,0,867.8
721,389.33,83.8
722,0,0
723,258.9,58.72
724,0,60.87
725,0,485.93
726,0,207.62
727,0,128.74
728,0,855.43
729,49.73,1117.36
730,0,120.03
731,0,0
732,835.29,0
733,534.54,1099.28
734,512.59,0
735,125.35,260.55
736,0,830.42
737,0,0
738,165.14,207.54
739,456,0
740,778.92,1938.21
741,525.62,1061.01
742,777.93,0
743,161.02,410
744,75.16,448.03
745,0,0
746,0,395.62
747,137.04,0
748,0,930.15
749,298.86,279.02
750,151.63,0
751,0,0
752,27.36,0
753,396.02,0
754,761.74,0
755,333.67,0
756,600.58,0
757,1403.07,0
758,351.59,0
759,223.56,251.64
760,2767.4,0
761,2093.51,344.13
762,54.12,0
763,0,0
764,0,1035.2
765,0,0
766,6769.74,0
767,0,0
768,0,0
769,1889.06,0
770,1066.48,0
771,544.18,0
772,273.94,0
773,414.42,0
774,239.16,0
775,809.32,0
776,0,0
777,0,0
778,19.46,0
779,259.24,0
780,215.78,700.67
781,29.48,0
782,0,688.53
783,454.86,253.5
784,263.56,2087.68
785,373.22,503.02
786,0,0
787,0,0
788,0,0
789,2393.68,0
790,111.33,348.55
791,402.94,0
792,105.15,1288.56
793,120.25,40.62
794,837.17,209.32
795,412.03,1453.49
796,556.92,451.47
797,929.37,413.64
798,0,610.62
799,2419.09,510.46
800,501.64,0
801,0,0
802,756.29,0
803,234.37,32.17
804,401.26,303.67
805,0,337.37
806,248.73,1005.92
807,0,692.76
808,836.53,0
809,2575.99,0
810,0,1533.74
811,403.82,3944.77
812,110.72,1201.92
813,266.63,0
814,0,0
815,510.65,57.86
816,109.47,69.92
817,38.17,392.98
818,45.53,0
819,213.63,0
820,280.06,79.08
821,224.13,0
822,375.67,0
823,140.37,73.44
824,385.48,0
825,290.68,1092.9
826,269.33,0
827,104.33,504.54
828,33.96,0
829,162.64,1339.88
830,125.46,53.72
831,47.8,89.2
832,0,0
833,0,0
834,3.29,0
835,259.04,0
836,201.65,0
837,473.47,2.82
838,797.66,0
839,597.71,762.34
840,666.13,1107.33
841,219.02,1734.18
842,0,715.05
843,147.28,803.86
844,1792.25,1408.77
845,122.89,0
846,0,560.32
847,0,209.67
848,223.59,296.41
849,952.67,485.54
850,20.49,1555.81
851,2139.51,704.72
852,110.59,0
853,251.78,0
854,610.32,0
855,408.13,360.59
856,0,35.11
857,405.83,39.19
858,508.82,0
859,494.11,1097.64
860,0,830.49
861,2094.24,1189.77
862,0,0
863,0,343.88
864,453.82,0
865,797.19,0
866,79,0
867,224.89,113.64
868,606.27,38.42
869,216.22,0
870,155.08,2000
871,248.73,0
872,1860.05,0
873,1098.03,405.71
874,1234.52,338.71
875,4035.51,334.25
876,1211.02,1290.32
877,36.99,0
878,634.4,0
879,1261.83,0
880,121.38,0
881,55.47,1037.52
882,455.3,0
883,183.79,0
884,3159.69,0
885,1462.22,0
886,204.8,0
887,1499.42,659.49
888,113,450.96
889,113.84,397.77
890,70.31,0
891,222.92,378.36
892,95.96,151.22
893,158.58,0
894,69.55,0
895,160.93,0
896,210.47,431.65
897,187.87,582.55
898,81.27,657.03
899,1375.14,0
900,232.99,694.36
901,2358.82,463.25
902,972.91,1012.15
903,189.47,1309.76
904,902.88,1308.62
905,88.6,582.75
906,4913.54,352.2
907,325.91,0
908,592.94,535.19
909,3406.54,1135.72
910,275.53,0
911,0,0
912,130.57,195.04
913,148.41,0
914,0,235.9
915,494.62,284.8
916,1695.87,412.88
917,45.6,813.14
918,66.66,164.56
919,0,194.78
920,508.98,660.72
921,292.44,295.8
922,193.98,205.41
923,556.26,0
924,0,0
925,0,0
926,385.26,307.13
927,884.96,195.45
928,736.38,103.5
929,882.45,603.86
930,1005.02,134.93
931,0,876.23
932,206.65,262.85
933,0,318.64
934,102.31,158.91
935,557.53,725.27
936,591.6,0
937,96.51,220.5
938,230.45,0
939,554.06,203.17
940,306.98,0
941,1156.71,240.56
942,371.96,161.06
943,170.28,356.54
944,148.1,0
945,0,114.68
946,25.27,866.77
947,154.95,726.79
948,780.14,1200.7
949,913.1,0
950,169.59,94.05
951,900,1554
952,0,83.3
953,96.85,414.59
954,221.59,114.97
955,232.64,115.25
956,316.09,4509.58
957,174.92,5977.29
958,223.64,0
959,684.65,746.79
960,422.58,1248.44
961,332.56,335.53
962,735.97,0
963,0,0
964,0,0
965,0,0
966,131.61,192.86
967,61.13,0
968,392.68,127.37
969,160.4,1248.48
970,147.51,0
971,150.61,93.97
972,123.5,186.45
973,185.02,0
974,536.36,1117.68
975,99.95,459.01
976,0,228.49
977,128.85,398.72
978,818,163.35
979,357.6,155.55
980,0,316.16
981,24.24,194.75
982,170.13,370.39
983,0,108.77
984,458.21,378.91
985,698.48,0
986,847.11,0
987,445.43,0
988,625,197.03
989,535.68,0
990,186.06,0
991,339.4,0
992,871.76,0
993,999.65,598.09
994,903.8,0
995,189.51,30.15
996,511.07,0
997,837.52,383.14
998,984.69,1339.76
999,648.35,796.69
1000,870.57,0
1001,0,0
1002,267.24,445.63
1003,0,727.45
1004,0,198.65
1005,0,898.74
1006,0,699.95
1007,0,457.22
1008,0,1397.79
1009,564.12,76.14
1010,342.16,72.21
1011,936.59,284.77
1012,457.72,272.57
1013,573.39,508.31
1014,148.66,446.36
1015,107.22,0
1016,233.21,1851.85
1017,1562.92,362.62
1018,37.74,774.9
1019,554.55,477.9
1020,784.25,0
1021,470.68,0
1022,858.52,0
1023,0,113.8
1024,0,184.84
1025,0,1180.92
1026,175.29,5424.95
1027,103.36,6974.89
1028,764.72,569.8
1029,0,1397.82
1030,0,2508.51
1031,569.8,2323.2
1032,0,0
1033,150.21,676.18
1034,337.64,791.84
1035,1005.68,0
1036,1954.73,1153.62
1037,288.74,1172.43
1038,0,2625.7
1039,20.27,1161.63
1040,172.05,91.92
1041,117.09,1546.07
1042,1069.98,0
1043,286.95,0
1044,387.97,532.78
1045,623.83,0
1046,109.19,0
1047,0,386.4
1048,3533.57,323.89
1049,194.82,0
1050,331.67,401.71
1051,845.31,0
1052,239.94,376.08
1053,1057.41,0
1054,382.26,0
1055,124.13,0
1056,396.15,1431.84
1057,428.79,1393.77
1058,313.9,751.51
1059,854.7,973.08
1060,611.2,475.51
1061,0,382.45
1062,0,0
1063,787.4,406.81
1064,0,2579.81
1065,66.54,1665.56
1066,0,1336.27
1067,0,753.47
1068,75.48,1737.36
1069,206.28,1302.76
1070,233.13,4324.3
1071,0,2069.7
1072,56.1,0
1073,293.49,0
1074,0,438.17
1075,229.97,419.95
1076,0,1066.95
1077,114.57,521.88
1078,30.23,545.95
1079,902.37,0
1080,0,0
1081,52.99,56.32
1082,412.94,5278.37
1083,212.44,2498.22
1084,735.17,1995.93
1085,1000.55,264.6
1086,0,137.05
1087,0,187.51
1088,0,2987.79
1089,357.99,0
1090,0,124.53
1091,167.3,0
1092,429.85,659.79
1093,295.44,109.38
1094,323.7,379.94
1095,189.23,3921.57
1096,162.33,200.87
1097,0,1285.86
1098,5454.55,1782.72
1099,8333.33,207.7
1100,258.13,0
1101,0,263.64
1102,0,450.86
1103,0,3413.23
1104,0,2934.54
1105,3061.58,24.57
1106,202.58,31.39
1107,0,396.07
1108,0,37.21
1109,990.89,0
1110,557.07,284.64
1111,0,3125.26
1112,142.03,0
1113,183.58,44.1
1114,119.62,823.01
1115,0,0
1116,411.86,710.82
1117,389.48,0
1118,819.84,1406.47
1119,79.62,225.89
1120,566.01,1895.63
1121,517.13,114.59
1122,1191.9,94.9
1123,0,1094.83
1124,0,129.57
1125,0,885.27
1126,0,42.41
1127,0,27.47
1128,0,243.43
1129,0,1770.5
1130,588,1566.11
1131,129.78,605.9
1132,70.85,41.53
1133,292.8,550.51
1134,156.64,0
1135,772.44,0
1136,2191.38,0
1137,326.03,480.65
1138,0,0
1139,0,0
1140,0,1082.25
1141,0,0
1142,0,0
1143,0,82.43
1144,0,714.15
1145,0,488.81
1146,721.09,136.13
1147,171.7,0
1148,166.81,0
1149,293.87,1511.02
1150,0,1258.69
1151,0,0
1152,175.65,1260.13
1153,737.02,238.55
1154,123.49,1283.7
1155,0,242.31
1156,241.62,475.1
1157,176.09,0
1158,949.47,0
1159,96.26,0
1160,98.28,0
1161,0,0
1162,686.81,976.56
1163,107.4,837.56
1164,81.01,193.88
1165,205.35,0
1166,203.58,49.78
1167,370.32,96.01
1168,674.59,2595.23
1169,165.88,1627.54
1170,2711.91,18.04
1171,0,0
1172,1174.4,192.59
1173,1279.18,143.73
1174,0,796.7
1175,3106.66,281.35
1176,230.86,1586.36
1177,0,177.8
1178,0,797.31
1179,0,1534.69
1180,0,761.51
1181,1898.38,442.37
1182,287.98,0
1183,215.71,828.57
1184,104.76,1126.38
1185,0,810.78
1186,1728.7,0
1187,2205.07,0
1188,238.25,1259.31
1189,39.39,2389.49
1190,31.35,71.34
1191,38,0
1192,0,74.35
1193,0,2978.72
1194,198.67,1699.3
1195,955,1254.1
1196,0,0
1197,309.89,0
1198,305.51,528.18
1199,75.6,308.93
1200,578.27,82.73
1201,983.28,58.77
1202,0,0
1203,188.47,294.99
1204,82.46,275.76
1205,0,168.55
1206,0,935.45
1207,1262.63,654.77
1208,148.12,214.4
1209,1831.5,240.29
1210,276.67,700.62
1211,183.74,343.05
1212,0,685.59
1213,0,115.79
1214,247.9,763.94
1215,0,475.29
1216,222.7,906.95
1217,0,0
1218,0,0
1219,4901.96,121.38
1220,0,252.33
1221,82.73,297.27
1222,195.25,483.09
1223,0,0
1224,2633.57,683.93
1225,205.32,0
1226,505.31,0
1227,13.64,0
1228,40.35,660.87
1229,72.09,0
1230,85.16,1093.16
1231,15.78,0
1232,741.63,195.77
1233,576.2,1247.4
1234,264.73,432.77
1235,0,651.3
1236,38.1,436.32
1237,293.34,44.38
1238,151.88,40.9
1239,0,462.53
1240,0,536.31
1241,0,0
1242,591.02,294.32
1243,144.3,0
1244,0,0
1245,1740,9.91
1246,356.13,588.21
1247,102.01,297.26
1248,737.64,318.24
1249,587.99,287.15
1250,1134.15,381.75
1251,477.68,0
1252,812.25,622.81
1253,157.67,579.04
1254,72.61,1937.2
1255,340.06,0
1256,409.23,0
1257,757.18,127.06
1258,101.84,476.42
1259,315.05,933.56
1260,650.21,311.38
1261,88.29,0
1262,0,3745.32
1263,388.95,280.85
1264,0,492
1265,37.71,259.7
1266,826.26,86.87
1267,1559.71,236.69
1268,1257.55,0
1269,0,163.64
1270,0,281.8
1271,0,119.98
1272,0,347.31
1273,1091.31,341.49
1274,237.57,676.32
1275,211.95,765.4
1276,200.08,324.78
1277,211.93,0
1278,205.32,640.31
1279,0,0
1280,26.9,154.08
1281,1789.12,773.25
1282,283.6,454.1
1283,783.86,746.27
1284,689.18,219.3
1285,0,0
1286,223.86,628.4
1287,715,534.25
1288,51.53,143.66
1289,34.83,608.64
1290,570.11,0
1291,68.89,753.58
1292,144.49,649.11
1293,497.78,134.49
1294,245.72,1891.25
1295,47.92,8287.29
1296,561.01,0
1297,94.57,621.16
1298,108.54,459.07
1299,0,771.01
1300,814.46,636.13
1301,72.13,0
1302,107.86,0
1303,343.1,0
1304,108.05,0
1305,462.32,0
1306,31.45,0
1307,7542.04,0
1308,116.81,0
1309,362.91,233.15
1310,0,4201.68
1311,0,0
1312,0,0
1313,0,0
1314,0,0
1315,264.08,0
1316,0,0
1317,0,0
1318,4922.87,0
1319,156.91,0
1320,0,0
1321,548.7,300.66
1322,469.04,0
1323,384.62,0
1324,217.58,0
1325,7582.94,0
1326,451.26,0
1327,2679.17,0
1328,856.53,0
1329,547.65,0
1330,579.25,0
1331,212.72,0
1332,0,0
1333,100.74,0
1334,613.5,0
1335,0,0
1336,521.21,0
1337,106.18,0
1338,304.52,0
1339,369.85,0
1340,144.25,0
1341,0,0
1342,564.65,0
1343,0,0
1344,0,0
1345,0,0
1346,204.08,0
1347,839.98,0
1348,102.92,0
1349,441.91,0
1350,210.04,0
1351,0,0
1352,1084.51,0
1353,0,0
1354,0,0
1355,0,0
1356,1020.11,0
1357,1154.29,0
1358,1190.21,0
1359,0,0
1360,20.39,0
1361,92.13,0
1362,0,0
1363,0,842.7
1364,192.96,227.17
1365,0,216.71
1366,0,658.11
1367,377.76,50.88
1368,190.75,0
1369,518.07,192.04
1370,1842.51,0
1371,3265.56,0
1372,768.34,83.37
1373,2170.96,292.34
1374,0,205.13
1375,901.71,71.62
1376,862.1,355.83
1377,1540.83,598.44
1378,665.11,0
1379,178.33,47.7
1380,10.9,0
1381,0,0
1382,553.81,0
1383,698.06,929.6
1384,0,1066.31
1385,14.67,828.21
1386,0,116.92
1387,0,339.45
1388,96.79,1185.5
1389,699.33,375.53
1390,317.49,558.32
1391,212.4,368.56
1392,0,348.54
1393,58.3,97.82
1394,0,321.72
1395,0,21.94
1396,0,80
1397,1040.3,56.5
1398,329.59,1569.04
1399,0,823.57
1400,330.94,932.26
1401,54.03,342.78
1402,461.91,223.97
1403,614.54,0
1404,453.25,370.55
1405,373.35,135.77
1406,406.7,676.74
1407,393.61,424.78
1408,138.77,366.59
1409,336.5,0
1410,332.01,0
1411,657.46,766.94
1412,0,156.04
1413,0,68.37
1414,498.44,861.97
1415,22.01,1595.28
1416,346.12,1349.83
1417,76.21,0
1418,622.25,588.67
1419,0,800
1420,235.96,857.33
1421,374.67,0
1422,0,0
1423,110.66,418.7
1424,120.77,480.54
1425,705.45,0
1426,108.66,417.48
1427,94.33,62.54
1428,0,113.15
1429,256.48,179.04
1430,0,37.72
1431,0,0
1432,193.48,96.52
1433,299.26,205.35
1434,0,0
1435,186.08,113.13
1436,327.29,356.68
1437,434.5,107.76
1438,2502.45,207.6
1439,216.04,0
1440,310.1,1130.84
1441,228.96,55.51
1442,288.18,0
1443,0,0
1444,0,0
1445,0,0
1446,40.77,0
1447,38.44,316.01
1448,232.94,0
1449,549.87,2640.98
1450,600.6,0
1451,194.29,0
1452,53.36,140.68
1453,531.37,0
1454,0,0
1455,129.8,0
1456,516.53,13.2
1457,0,112.35
1458,309.38,0
1459,98.43,2082
1460,633.71,1051.52
1461,121.24,111.41
1462,70.07,179.32
1463,250.16,402.6
1464,905.8,0
1465,0,70.22
1466,67.26,4047.65
1467,0,255.23
1468,0,103.33
1469,0,0
1470,114.61,55.92
1471,0,765.91
1472,0,0
1473,443.74,622.54
1474,412.85,461.18
1475,227.54,0
1476,223.36,317.76
1477,578.02,2098.09
1478,96.55,452.69
1479,78.61,85.17
1480,680.42,360.1
1481,1670.2,67.11
1482,188.13,944.06
1483,530.31,293.53
1484,188.42,245.88
1485,277.44,818.33
1486,0,0
1487,564.76,0
1488,0,0
1489,1226.24,289.69
1490,540.35,538.7
1491,1377.41,46.64
1492,0,398.78
1493,1022.71,1380.19
1494,122.2,0
1495,376.64,0
1496,279.02,0
1497,551.07,978.84
1498,1404.49,365.6
1499,201.23,886.13
1500,607.98,184.54
1501,769.06,780.52
1502,232.6,282.51
1503,183.22,412.83
1504,399.97,525.32
1505,438.47,278.48
1506,262.88,2167.51
1507,29.56,2246.82
1508,155.97,537
1509,109.11,675.88
1510,97.89,217.18
1511,19.85,0
1512,4722.63,1201.51
1513,4942.32,138.5
1514,86.21,2712.97
1515,965.25,632.11
1516,143.04,689.66
1517,211.36,510.2
1518,1778.83,0
1519,521.86,0
1520,57.82,0
1521,1247.59,0
1522,178.72,0
1523,0,0
1524,153,196.04
1525,0,687.29
1526,81.1,0
1527,266.74,3317.17
1528,168.53,0
1529,637.27,0
1530,94.29,474.91
1531,232.76,91.92
1532,0,1025.64
1533,517.06,95.46
1534,0,0
1535,172.07,0
1536,129.47,369.06
1537,83.56,315.15
1538,314.66,159.82
1539,360.75,0
1540,3885.2,21.86
1541,148.13,188.7
1542,0,1291.01
1543,1045.26,2361.83
1544,44.79,0
1545,449.13,96.81
1546,0,111.64
1547,534.7,562.73
1548,230.61,343.02
1549,501.37,0
1550,275.33,962.19
1551,0,0
1552,0,0
1553,410.98,0
1554,0,0
1555,14.26,251.42
1556,2246.28,801.96
1557,747.14,0
1558,133.07,862.19
1559,297,0
1560,138.96,94.97
1561,197.84,0
1562,509.55,61.09
1563,59.43,2127.66
1564,451.6,1411.43
1565,1932.81,551.13
1566,95.59,76.32
1567,455.19,0
1568,485.52,23.39
1569,93.82,246.97
1570,1246.72,0
1571,40.39,1005.25
1572,256.38,177.02
1573,631.21,1480.93
1574,686.11,58.02
1575,233.32,0
1576,37.33,0
1577,327.44,0
1578,107.1,215.15
1579,174.99,0
1580,261.99,25.5
1581,77.07,525.21
1582,56.86,1659.51
1583,972.36,5603.64
1584,1195.55,949.25
1585,2722.62,1562.06
1586,922.86,308.97
1587,0,45.41
1588,175.17,135.7
1589,1820.83,210.11
1590,905.04,0
1591,220.59,0
1592,103.35,436.78
1593,104.67,350.66
1594,221.28,197.87
1595,475.23,1024.59
1596,0,1325.72
1597,427.46,193.42
1598,0,6043.98
1599,18.12,291.12
1600,0,0
1601,0,248.57
1602,821.69,154.26
1603,0,67.45
1604,0,1170.39
1605,273.22,272.8
1606,476.8,474.8
1607,0,0
1608,835.42,3246.82
1609,169.8,639.56
1610,663.14,937.65
1611,0,2598.78
1612,0,1732.07
1613,105.62,2026.94
1614,494.58,1369.13
1615,324.55,1966.6
1616,388.33,524.43
1617,159.24,1110.93
1618,355.08,548.91
1619,1659.13,3416.47
1620,478.96,770.6
1621,883.3,0
1622,0,402.06
1623,0,579.82
1624,0,179.18
1625,347.39,0
1626,0,260.37
1627,124.1,634.42
1628,56.38,128.5
1629,1272.2,1946.27
1630,63.48,0
1631,609.59,0
1632,0,2570.69
1633,805.29,39.27
1634,496.22,0
1635,325.39,912.41
1636,748.16,102.55
1637,834.07,816.99
1638,232.76,287.27
1639,217.12,0
1640,15.5,637.63
1641,76.04,283.53
1642,0,93.13
1643,735.63,1491.08
1644,0,958.16
1645,0,306.28
1646,0,75.49
1647,0,114.3
1648,26.58,637.42
1649,0,0
1650,0,0
1651,36.37,0
1652,19.09,55.48
1653,387,0
1654,95.27,21.58
1655,43.33,79.09
1656,143.41,0
1657,1159.05,282.73
1658,1326.31,0
1659,1085.43,184.17
1660,204.81,489.48
1661,0,293.43
1662,0,793.49
1663,0,107.38
1664,0,0
1665,0,291.33
1666,122.9,219.18
1667,675.68,0
1668,388.62,26.5
1669,101.36,1203.29
1670,295.68,743.65
1671,0,680.63
1672,0,320.06
1673,589.62,229.34
1674,293.19,288.43
1675,347.58,389.4
1676,0,0
1677,332.74,289.98
1678,799.15,990.52
1679,344.74,0
1680,0,273.21
1681,34.97,845.39
1682,0,932.84
1683,929.59,317.97
1684,0,236.3
1685,215.54,554.94
1686,797.95,0
1687,0,0
1688,457.35,0
1689,0,1090.51
1690,176.15,0
1691,245.79,310.24
1692,1225.61,808.36
1693,0,0
1694,126.36,521.78
1695,126.15,213.38
1696,3432,177.44
1697,288.71,565.17
1698,237.76,0
1699,0,162.41
1700,2470.49,139.16
1701,1699.77,120.5
1702,631.51,0
1703,1086.88,4623.51
1704,508.53,1488
1705,0,0
1706,2961.86,717.64
1707,0,767.14
1708,236.97,64.46
1709,165.18,1673.98
1710,839.35,513.48
1711,767.75,828.19
1712,165.68,157.82
1713,483.79,194.29
1714,2142.4,319.36
1715,0,299.81
1716,6.33,0
1717,1668.26,0
1718,862.24,1543.32
1719,65.73,600.29
1720,211.8,176
1721,0,741.56
1722,522.47,767
1723,424.16,282.38
1724,0,0
1725,210.61,127.57
1726,1409.85,968.13
1727,1045.26,1277.79
1728,516,1017.29
1729,172.48,881.28
1730,620.8,0
1731,0,499.5
1732,85.67,139.92
1733,0,1206.76
1734,0,1123.6
1735,63.48,1214.82
1736,86.52,574.05
1737,721.22,181.61
1738,86.98,296.06
1739,0,62.14
1740,0,579.64
1741,485.12,178.75
1742,349.43,0
1743,389.96,0
1744,217,200.92
1745,1683.5,620.54
1746,73.77,567.92
1747,156.07,342.06
1748,87.61,534.47
1749,44.78,0
1750,0,244.92
1751,0,1031.24
1752,44.82,0
1753,740.27,0
1754,0,0
1755,1835.45,234.03
1756,905.4,0
1757,486.78,557.97
1758,834.81,857.39
1759,623.35,1313.67
1760,312.94,3972.37
1761,0,3649.64
1762,8.04,609.76
1763,20.4,1571.4
1764,0,1024.96
1765,0,980.39
1766,260.14,1107.1
1767,165.65,144.45
1768,199.22,531.18
1769,821.2,0
1770,1466.94,419.37
1771,0,159.47
1772,0,444.64
1773,127.75,247.34
1774,465,169.88
1775,142.53,352.55
1776,416.53,280.76
1777,3031.95,1025.64
1778,679.57,0
1779,2046.91,0
1780,0,0
1781,90.08,593.91
1782,157,549.62
1783,162.82,72.73
1784,0,1921.95
1785,559.91,70.46
1786,532.1,2342.38
1787,0,113.22
1788,460.64,209.28
1789,0,25.08
1790,0,215.53
1791,0,124.51
1792,391.72,68.15
1793,0,0
1794,0,0
1795,0,0
1796,0,481.85
1797,227.25,0
1798,220.24,0
1799,924.67,0
1800,545.74,135.31
1801,190.68,0
1802,561.36,0
1803,0,757.3
1804,1094.81,82.56
1805,388.12,58.06
1806,107.75,1110.16
1807,0,311.43
1808,339.68,88.12
1809,728.27,242.78
1810,508.95,667.67
1811,1335.41,0
1812,218.12,283.29
1813,0,79.61
1814,615.76,0
1815,0,127.04
1816,0,329
1817,0,0
1818,1371.69,148.57
1819,132.41,588.62
1820,388.89,22.48
1821,60.38,55.33
1822,100.97,1262.79
1823,479.5,948.25
1824,158.2,1216.47
1825,0,1589.61
1826,0,1329.56
1827,38.21,1889.12
1828,3098.26,2680.16
1829,417.72,831.95
1830,550.13,1855.84
1831,1442.32,1423.59
1832,432.76,1481.64
1833,268.24,729.73
1834,130.11,507.7
1835,405.3,0
1836,393.28,1149.67
1837,0,0
1838,1474.9,0
1839,1179.53,0
1840,1599.42,0
1841,324.68,88.04
1842,1081.24,462.11
1843,117.9,335.2
1844,170.17,452.28
1845,1515.73,625.39
1846,426.48,1321.7
1847,0,1311.91
1848,172.96,906.62
1849,934.68,2881.78
1850,784.51,554.58
1851,792.2,2654.44
1852,506.68,1501.18
1853,1493.57,2479.04
1854,1569.27,2771.31
1855,275.23,2119.49
1856,0,1455.6
1857,0,6218.2
1858,0,1675.51
1859,192.6,2007.63
1860,0,2152.19
1861,0,1933.4
1862,27.48,742
1863,17.04,1081.69
1864,538.13,540.15
1865,0,2040.19
1866,1433.9,310.03
1867,1749.55,537.2
1868,0,357.02
1869,180.35,2582.31
1870,306.75,1477.1
1871,197.9,2075.08
1872,0,1968.99
1873,767.73,1132.5
1874,853.73,714.97
1875,2023.73,2543.35
1876,1023.07,3722.08
1877,548.3,823.38
1878,45.01,4225.04
1879,130.95,2204.26
1880,0,394.32
1881,70.83,754.15
1882,0,0
1883,247.66,1119.9
1884,0,762.92
1885,0,0
1886,1395.81,451.26
1887,428.3,736.11
1888,66.44,1132.98
1889,0,337.84
1890,125.15,414.08
1891,149.52,0
1892,310.33,1183.05
1893,161.55,490.85
1894,79.43,0
1895,594.77,0
1896,287.31,693.43
1897,83.82,350.34
1898,0,306.09
1899,1567.4,879.58
1900,348.11,398.31
1901,580.03,0
1902,247.25,364.58
1903,562.25,2015.91
1904,0,32.22
1905,0,167.98
1906,96.41,0
1907,5490.63,273.3
1908,363.28,405.1
1909,43.35,0
1910,0,329.75
1911,3419.28,2730
1912,410.66,0
1913,26.46,302.85
1914,0,955.72
1915,776.57,302.53
1916,1146.33,0
1917,320.52,1141.79
1918,886.52,0
1919,471.35,2027.03
1920,229.05,0
1921,131.51,589.71
1922,1080.35,0
1923,792.33,0
1924,483.09,986.68
1925,740.09,629.33
1926,0,32.72
1927,426.3,391.62
1928,0,608.11
1929,828.22,156.11
1930,517.09,274.98
1931,0,4120.6
1932,350.13,2145.89
1933,0,235.9
1934,273.94,523.6
1935,1350.59,146.11
1936,210.44,177.53
1937,0,621.76
1938,417.36,186.79
1939,0,319.62
1940,0,255.11
1941,695.06,141.22
1942,98.67,1631.74
1943,1232.59,1022.07
1944,485.42,2108.46
1945,0,377.41
1946,855.46,203.88
1947,577.7,728.73
1948,615.9,704.88
1949,1465.91,701.07
1950,1407.53,615.69
1951,364.58,298
1952,0,541.71
1953,402.58,1467.97
1954,479.29,677.74
1955,504.08,912
1956,0,1645.32
1957,729.39,0
1958,812.79,819
1959,265.57,53.63
1960,306.38,53.74
1961,1778.79,0
1962,92.95,0
1963,33.48,6598.74
1964,230.07,0
1965,1709.11,250.71
1966,1523.06,0
1967,2142.43,195.15
1968,223.94,333.12
1969,123.59,203.81
1970,8.86,584.31
1971,0,0
1972,0,1149.96
1973,0,1302.88
1974,203.6,45.49
1975,157.05,935.45
1976,65.06,738.55
1977,55.17,112.37
1978,0,0
1979,0,0
1980,175.9,472.02
1981,0,238.13
1982,1953.58,543.48
1983,0,2881.56
1984,0,0
1985,0,81.1
1986,2328.29,0
1987,116.17,762.06
1988,333.71,437.64
1989,0,0
1990,125.88,491.19
1991,187.73,424.54
1992,223.02,186.07
1993,0,708.36
1994,9.41,0
1995,841.4,216.33
1996,15.09,0
1997,391.85,269.18
1998,0,51.99
1999,1513.43,1178.43
2000,1645.48,0
2001,834.85,0
2002,130.46,0
2003,0,2673.8
2004,536.08,2576.21
2005,0,0
2006,578.82,2254.79
2007,0,1277.14
2008,1479.29,0
2009,0,0
2010,0,129.06
2011,65.71,0
2012,0,159.97
2013,166.81,126.23
2014,0,194.21
2015,0,121.08
2016,474.13,133.49
2017,644.26,351.67
2018,0,876.66
2019,570.71,224.87
2020,25.18,0
2021,0,172.09
2022,96.39,148.77
2023,0,319.39
2024,0,186.19
2025,89.85,857.07
2026,246.43,770.17
2027,176.27,859.45
2028,0,1028.2
2029,69.39,220.93
2030,181.6,0
2031,43.53,3568.18
2032,0,2409.09
2033,49.09,2162.58
2034,47.14,0
2035,98.23,0
2036,392.97,198.18
2037,0,293.24
2038,0,0
2039,0,760.78
2040,434.85,0
2041,343.05,1002
2042,157.01,1673.36
2043,286.7,635.06
2044,179.31,493.58
2045,0,1448.08
2046,192.91,587.43
2047,92.57,244.26
2048,865.61,490.08
2049,0,267.81
2050,206.83,239.33
2051,2452.97,605.14
2052,1887.08,347.83
2053,0,280.75
2054,16.36,830.67
2055,0,1184.86
2056,0,0
2057,210.26,0
2058,312.24,504.42
2059,431.78,220.7
2060,198.73,18.66
2061,658.2,150.31
2062,0,213.39
2063,210.64,156.79
2064,1727.12,380.4
2065,0,157.68
2066,173.88,1372.5
2067,0,786.63
2068,131.71,275.9
2069,66.03,93.38
2070,0,410.58
2071,239.67,100.82
2072,0,0
2073,0,0
2074,567.01,736.11
2075,0,285.82
2076,267.63,252.09
2077,0,2726.6
2078,271.94,333.4
2079,130.18,0
2080,0,297.44
2081,1027.74,132.22
2082,398.53,442.28
2083,0,0
2084,0,352.9
2085,256.83,0
2086,148.88,680.58
2087,178.06,803.43
2088,64.63,93.06
2089,0,675.13
2090,0,499
2091,0,0
2092,0,0
2093,0,0
2094,0,0
2095,1605.14,0
2096,0,0
2097,0,0
2098,0,0
2099,0,26.82
2100,16666.67,725.69
2101,0,1285.08
2102,0,878.08
2103,0,110.16
2104,0,1003.02
2105,0,858.56
2106,0,269.6
2107,0,0
2108,0,1430.91
2109,0,3560.71
2110,0,420.95
2111,0,0
2112,0,0
2113,0,0
2114,0,119.27
2115,0,0
2116,0,0
2117,0,51.16
2118,0,298.82
2119,0,943.84
2120,0,1088.75
2121,0,656.97
2122,0,0
2123,0,10.63
2124,0,463.59
2125,0,3772.05
2126,0,0
2127,0,0
2128,0,0
2129,0,532.98
2130,0,0
2131,0,0
2132,0,267.52
2133,0,464.04
2134,0,493.46
2135,0,156.37
2136,0,2737.73
2137,0,0
2138,0,0
2139,0,169.66
2140,0,674.83
2141,0,359.51
2142,0,632.64
2143,0,1994.02
2144,0,0
2145,0,87.18
2146,0,46.98
2147,0,461.04
2148,0,869.61
2149,0,1054.64
2150,0,133.16
2151,0,206.02
2152,0,0
2153,0,0
2154,0,782.4
2155,0,104.3
2156,0,1237.06
2157,0,136.39
2158,0,397.45
2159,0,687.05
2160,0,0
2161,0,220.57
2162,0,545.4
2163,0,0
2164,0,135.88
2165,0,723.33
2166,0,191.02
2167,0,0
2168,482.86,0
2169,0,0
2170,0,414.77
2171,0,1401.4
2172,0,1141.24
2173,0,2445.33
2174,0,1460.66
2175,0,81.61
2176,0,468.3
2177,0,1089.57
2178,0,1904.85
2179,0,870.95
2180,0,290.75
2181,0,475.56
2182,0,103.71
2183,0,2334.07
2184,0,9328.36
2185,0,1796.41
2186,0,0
2187,0,181.75
2188,0,841.07
2189,0,99.65
2190,0,71.65
2191,0,2566.82
2192,0,1782.17
2193,0,550.66
2194,0,0
2195,0,42.89
2196,0,541.39
2197,0,0
2198,0,6.38
2199,0,0
2200,0,1392.6
2201,0,477.4
2202,0,0
2203,0,0
2204,0,433.65
2205,0,196.54
2206,0,466.89
2207,0,148.03
2208,0,287.21
2209,0,0
2210,152.44,41.35
2211,428.36,0
2212,112.06,0
2213,0,0
2214,693.74,0
2215,531.21,6921.46
2216,0,473.11
2217,334.94,144.41
2218,2150.79,0
2219,1673.96,585.14
2220,1373.52,651.12
2221,223.59,1241.54
2222,976.58,635.89
2223,0,81.4
2224,1239.16,2906.24
2225,290.61,6517.58
2226,428.3,168.62
2227,182.82,93.77
2228,0,0
2229,0,641.07
2230,0,0
2231,780.03,289.94
2232,0,84.96
2233,0,270.11
2234,0,0
2235,0,2114.16
2236,0,1624.26
2237,0,923.04
2238,607.9,1081.37
2239,310.14,198.07
2240,90.1,2598.21
2241,181.08,1851.33
2242,0,0
2243,459.95,43.68
2244,480.11,890.47
2245,769.39,0
2246,1891.25,1791.82
2247,347.19,1069.52
2248,0,1070.09
2249,154.55,0
2250,647.95,5347.59
2251,1452.78,658.06
2252,279.41,470.37
2253,393.39,0
2254,258.13,350.26
2255,943.4,2242.61
2256,111.14,854.55
2257,364.56,242.42
2258,1819.84,246.14
2259,0,1477.83
2260,0,2277.9
2261,0,1065.15
2262,390.82,608.46
2263,0,1823.87
2264,0,1883.24
2265,0,1881.11
2266,1148.84,2077.27
2267,0,341.16
2268,1372.07,2266.01
2269,284.01,3052.67
2270,457.56,1814.33
2271,499.75,0
2272,838.22,2872.38
2273,0,1453.49
2274,0,1662.05
2275,243.9,0
2276,1086.96,814.33
2277,0,1168.91
2278,0,1038.96
2279,0,583.23
2280,309.98,0
2281,94.33,1844.25
2282,44.93,1331.4
2283,0,2472.19
2284,124.42,0
2285,0,1234.57
2286,533.9,0
2287,127.88,1395.02
2288,279.02,424.59
2289,159.7,1235.58
2290,466.78,1552.8
2291,0,0
2292,0,97.56
2293,0,937.02
2294,3034.33,2356.27
2295,0,580.92
2296,21.26,1202.19
2297,129.24,0
2298,442.23,1036.48
2299,0,377.98
2300,0,1076.43
2301,0,0
2302,0,2110.22
2303,0,771.82
2304,0,712.05
2305,0,1811.36
2306,40.74,771.6
2307,0,2174.91
2308,0,1999.33
2309,23.94,1827.76
2310,243.96,1147.37
2311,0,1144.34
2312,334.11,1994.95
2313,0,3534.65
2314,404.13,0
2315,896.63,229.54
2316,49.69,301.23
2317,500.88,221.73
2318,129.5,0
2319,0,0
2320,760.26,0
2321,1364.49,4024.74
2322,0,1535.09
2323,0,2239.14
2324,0,528.4
2325,167.7,2094.59
2326,544.66,275.99
2327,3378.38,0
2328,0,245.18
2329,1018.85,187.94
2330,0,1051.72
2331,124.04,530.71
2332,126.09,0
2333,122.75,59.33
2334,0,0
2335,0,297.06
2336,193.12,235.55
2337,0,245.32
2338,350.25,590.32
2339,505.82,134.56
2340,0,47.06
2341,0,0
2342,0,332.56
2343,498.62,164.85
2344,1131.86,213.72
2345,0,0
2346,383.89,224.58
2347,0,1692.42
2348,0,1222.51
2349,0,1428.53
2350,845.31,526.83
2351,2020.53,75.8
2352,1899.84,1467.16
2353,1829.68,414.68
2354,766.45,879.34
2355,58.17,429.69
2356,0,958.03
2357,146.48,76.74
2358,48.68,46.59
2359,323.49,0
2360,1058.48,670.61
2361,520.63,0
2362,0,0
2363,0,0
2364,0,13.24
2365,0,260.31
2366,294.64,327.46
2367,0,420.32
2368,0,595.51
2369,0,3348.96
2370,0,0
2371,0,231.18
2372,0,143.25
2373,0,2043.86
2374,0,606.91
2375,41.25,417.19
2376,71.65,287.74
2377,0,998.17
2378,2161.03,426.99
2379,0,1395.35
2380,384.06,962.19
2381,0,196.46
2382,362.16,928.31
2383,519.07,2589.06
2384,917.32,2512.92
2385,56.2,428.22
2386,542.59,2543.21
2387,233.75,0
2388,201.22,0
2389,1055.69,0
2390,0,585.82
2391,481.32,763.3
2392,680.81,1119.12
2393,0,0
2394,0,1584.17
2395,71.82,0
2396,0,592.73
2397,1449.28,517.99
2398,431.66,552.29
2399,171.38,1178.06
2400,402.31,443.95
2401,0,0
2402,439.66,94.84
2403,859.87,152.65
2404,62.57,208.36
2405,0,383.94
2406,270.97,2449.37
2407,412.23,475.44
2408,355.01,113.52
2409,0,243.03
2410,0,1297.97
2411,0,1446.31
2412,1012.88,2406.19
2413,0,740.85
2414,0,0
2415,0,158.9
2416,0,56.76
2417,84.85,0
2418,0,421.88
2419,1700.29,1743.93
2420,0,311.71
2421,599.16,0
2422,1324.05,768.34
2423,0,1141.55
2424,0,694.97
2425,0,326.33
2426,0,461.04
2427,0,0
2428,0,0
2429,0,2882.37
2430,133.01,195.54
2431,587.63,0
2432,1233.21,0
2433,479.39,0
2434,977.04,0
2435,549.05,0
2436,297.89,90.49
2437,23.18,538.97
2438,0,85.04
2439,0,426.72
2440,168.28,306.61
2441,528.4,180.08
2442,0,1079.08
2443,447.57,391.22
2444,0,686.77
2445,0,1163.6
2446,210.57,940.49
2447,489.78,0
2448,122.93,0
2449,143.03,0
2450,0,197.53
2451,158.65,88
2452,0,1152.57
2453,0,605.54
2454,0,0
2455,289.27,191.31
2456,1771.75,65.23
2457,0,94.99
2458,379.67,0
2459,0,681.32
2460,0,0
2461,0,98.08
2462,0,0
2463,0,401.04
2464,504.8,0
2465,264.06,0
2466,259.13,1059.8
2467,760.46,0
2468,0,0
2469,254.97,287.09
2470,0,335.01
2471,0,558.04
2472,607.53,0
2473,33.82,231.41
2474,0,141.58
2475,0,411.5
2476,0,97.67
2477,0,0
2478,0,167.97
2479,0,166.19
2480,0,0
2481,0,199.84
2482,871.08,533.37
2483,551.52,1139.6
2484,150.88,320.39
2485,0,0
2486,0,0
2487,0,1127.4
2488,984.25,0
2489,508.65,1169.59
2490,102.24,0
2491,242.78,0
2492,762.2,0
2493,0,0
2494,574.48,997.01
2495,2230.9,0
2496,0,0
2497,257.17,0
2498,632.58,297.09
2499,771.6,411.6
2500,0,113.08
2501,10266.49,595.42
2502,1786.78,245.82
2503,0,0
2504,0,134.53
2505,351.37,291.35
2506,665.78,72.64
2507,0,370.1
2508,775.8,618.08
2509,0,386.41
2510,0,60.44
2511,134.16,1362.62
2512,141.66,685.79
2513,324.99,203.71
2514,0,273.75
2515,0,0
2516,113.87,925.07
2517,0,2700.27
2518,588.24,250.06
2519,0,688.22
2520,0,2986.99
2521,0,133.17
2522,0,23.56
2523,447.63,0
2524,0,0
2525,204.46,177.21
2526,0,451.83
2527,0,0
2528,0,716.59
2529,0,232.45
2530,0,1133
2531,0,0
2532,0,3424.66
2533,0,1758.55
2534,0,267.72
2535,0,837.52
2536,0,866.93
2537,0,965.05
2538,0,0
2539,0,0
2540,0,245.58
2541,1086.96,280.26
2542,0,300.43
2543,0,1184.48
2544,0,224.59
2545,0,0
2546,267.95,1054.19
2547,0,595.83
2548,161.06,196.39
2549,0,0
2550,0,181.44
2551,0,376.8
2552,0,383
2553,0,0
2554,0,167.56
2555,0,632.91
2556,0,389.91
2557,0,186.88
2558,0,331.79
2559,0,331.72
2560,0,949.28
2561,0,1348.31
2562,0,62.73
2563,0,161.81
2564,141.83,0
2565,0,0
2566,0,215.96
2567,0,889.92
2568,0,0
2569,0,0
2570,0,1772.76
2571,0,160.51
2572,0,2659.42
2573,0,3672.72
2574,0,1217.99
2575,233.97,47.69
2576,194.5,510.26
2577,0,1376.84
2578,207.77,618.05
2579,0,587.33
2580,0,215.66
2581,0,374.9
2582,0,1491.98
2583,0,807.57
2584,0,1562.43
2585,0,2099.22
2586,0,858.17
2587,0,1238.85
2588,0,135.77
2589,470.01,347.5
2590,0,518.32
2591,363.77,543.94
2592,0,764.55
2593,383.8,686.48
2594,0,1098.9
2595,0,675.22
2596,0,174.06
2597,388.16,1179.61
2598,154.7,43.12
2599,1121.99,3080.27
2600,0,1404
2601,0,700.28
2602,472.96,397.46
2603,949.8,0
2604,345.66,537.06
2605,567.17,0
2606,411.52,291.39
2607,221.53,0
2608,0,0
2609,670.92,225.38
2610,1315.79,1449.52
2611,1805.87,210.61
2612,261.84,368.6
2613,417.97,387
2614,1744.77,274.65
2615,0,0
2616,0,932.93
2617,403.71,498.7
2618,0,1605.59
2619,22.59,68.26
2620,521.38,674.04
2621,1848.43,551.43
2622,1449.98,0
2623,0,649.35
2624,475.29,0
2625,258.53,944.29
2626,0,66.09
2627,2009.34,1603.3
2628,0,1297.98
2629,36.19,586.42
2630,0,993.41
2631,0,800.64
2632,1397.76,877.15
2633,2120.64,1060.3
2634,173.16,244.08
2635,4700.32,697.88
2636,966.92,1390.82
2637,423.51,180.39
2638,0,751.17
2639,255.56,0
2640,2334.4,985.08
2641,0,545.93
2642,672.28,534.9
2643,0,530.79
2644,487.09,0
2645,881.45,239.46
2646,548.31,384.66
2647,0,0
2648,0,177.49
2649,0,19.33
2650,0,320.44
2651,0,254.31
2652,231.39,1101.32
2653,0,1144.16
2654,0,241.08
2655,0,2331
2656,0,0
2657,0,480.62
2658,117.21,658.33
2659,679.81,153.16
2660,0,1039.98
2661,0,0
2662,0,0
2663,0,0
2664,0,787.45
2665,0,142.31
2666,0,99.34
2667,0,570.94
2668,0,162.09
2669,316.56,205.02
2670,1203.5,599.22
2671,484.75,305.73
2672,0,306
2673,0,113.94
2674,0,242.64
2675,0,55.69
2676,0,292.73
2677,0,261.25
2678,0,66.5
2679,0,30.34
2680,0,28.53
2681,0,0
2682,0,55.71
2683,0,0
2684,0,65.49
2685,0,108
2686,0,96.16
2687,0,0
2688,0,31.82
2689,0,0
2690,0,0
2691,0,0
2692,0,0
2693,0,425.44
2694,0,0
2695,0,57.15
2696,0,150.11
2697,0,684.59
2698,0,45.57
2699,0,113.4
2700,0,0
2701,0,0
2702,0,134.81
2703,0,224.77
2704,0,539.73
2705,0,0
2706,0,172.12
2707,0,418.25
2708,0,0
2709,0,457.3
2710,0,1489.76
2711,0,543.51
2712,0,586.85
2713,0,0
2714,0,0
2715,0,3.9
2716,0,394.91
2717,0,309.25
2718,0,39.25
2719,0,180.08
2720,0,0
2721,0,899.35
2722,0,0
2723,0,55.67
2724,0,0
2725,0,0
2726,0,0
2727,0,0
2728,0,443.79
2729,0,2424.24
2730,626.13,297.51
2731,0,1223.99
2732,175.71,0
2733,0,75.94
2734,0,0
2735,0,47.52
2736,0,0
2737,1390.82,1092.37
2738,0,901.93
2739,0,671.62
2740,0,152.16
2741,0,331.26
2742,0,39.72
2743,0,0
2744,0,126.52
2745,0,1681.56
2746,0,296.38
2747,0,78.5
2748,0,80.43
2749,0,90.96
2750,511.85,446.83
2751,0,0
2752,0,84.17
2753,0,146.75
2754,0,116.77
2755,0,264.92
2756,0,0
2757,0,128.19
2758,0,94.89
2759,0,0
2760,0,2186.59
2761,0,0
2762,0,129.77
2763,0,0
2764,0,142.13
2765,0,110.19
2766,0,775.19
2767,0,353.06
2768,0,302.02
2769,0,787.18
2770,0,735.56
2771,4016.06,1774.06
2772,0,0
2773,0,3037.42
2774,0,771.16
2775,0,394.64
2776,0,1055.01
2777,0,1907.91
2778,0,594.07
2779,0,443.19
2780,0,0
2781,0,506.93
2782,0,1485.79
2783,0,582.07
2784,0,0
2785,0,0
2786,0,0
2787,0,0
2788,0,0
2789,0,0
2790,0,241.51
2791,0,543.04
2792,0,0
2793,748.92,0
2794,0,0
2795,257.64,660.55
2796,0,278.47
2797,343.68,212.45
2798,130.09,0
2799,103.52,0
2800,0,0
2801,0,3091.19
2802,173.46,144.09
2803,87.99,795.76
2804,143.28,253.04
2805,0,32.19
2806,817.04,200.44
2807,681.66,1202.43
2808,0,373.43
2809,0,260.31
2810,366.39,0
2811,669.57,103.71
2812,0,50.21
2813,0,84.05
2814,0,2253.52
2815,954.75,539.87
2816,708.42,233.86
2817,0,1068.67
2818,0,198.61
2819,0,0
2820,807.75,560.88
2821,0,0
2822,451.76,890.11
2823,163.99,1501.18
2824,0,1389.37
2825,1245.33,665.54
2826,0,696.99
2827,0,137.2
2828,0,0
2829,0,49.59
2830,0,1049.92
2831,0,169.37
2832,0,38.88
2833,0,0
2834,0,72.69
2835,0,264.31
2836,0,3488.98
2837,0,302.48
2838,0,720.14
2839,0,0
2840,0,245.9
2841,0,104.64
2842,0,0
2843,0,0
2844,0,531.91
2845,0,398.42
2846,0,221.89
2847,0,910.78
2848,0,1112.51
2849,0,144.53
2850,0,154.85
2851,0,0
2852,0,289.27
2853,0,0
2854,0,0
2855,0,177.43
2856,0,0
2857,0,169.15
2858,0,407.25
2859,0,0
2860,0,235.24
2861,0,188.64
2862,0,0
2863,0,0
2864,0,297.35
2865,0,0
2866,0,0
2867,0,0
2868,0,0
2869,328.53,0
2870,830.11,189.43
2871,0,207.21
2872,894.64,0
2873,1272.26,490.36
2874,2081.17,0
2875,316.23,0
2876,0,0
2877,257.09,0
2878,0,355.37
2879,0,0
2880,0,0
2881,0,1669.45
2882,1161.44,0
2883,125.16,1331.56
2884,664.97,0
2885,0,701.75
2886,2078.34,3003
2887,945.74,0
2888,0,0
2889,0,2234.14
2890,0,0
2891,140.27,0
2892,0,1582.9
2893,216.64,0
2894,0,1072.96
2895,0,0
2896,130.01,1262.63
2897,0,0
2898,0,711.49
2899,0,0
2900,0,0
2901,1122.65,0
2902,235.65,0
2903,202.32,1655.63
2904,0,0
2905,130.53,0
2906,674.2,0
2907,215.38,1754.39
2908,76.68,0
2909,0,593.82
2910,561.48,3669.12
2911,278.82,92.81
2912,348.33,235.8
2913,693.58,276.55
2914,199.76,947.78
2915,0,1745.78
2916,0,0
2917,118.54,154.01
2918,0,0
2919,107.07,0
2920,0,572.74
2921,281.29,434.12
2922,245.36,382.85
2923,108.72,2066.12
2924,396.65,0
2925,49.26,158.18
2926,118.46,1204.09
2927,84.25,2212.77
2928,0,246.55
2929,367.78,0
2930,752.45,0
2931,212.72,0
2932,1103.42,178.33
2933,1379.14,5.57
2934,0,801.37
2935,2076.54,12572.53
2936,199.05,0
2937,387.99,0
2938,684.84,0
2939,0,0
2940,0,0
2941,0,0
2942,0,0
2943,583.09,0
2944,0,0
2945,0,0
2946,0,1203.9
2947,238.38,0
2948,99.18,378.36
2949,214.4,1629.55
2950,248.39,782.47
2951,137.03,244.86
2952,0,1656.54
2953,0,459.84
2954,164.26,0
2955,407.33,0
2956,263.21,530.36
2957,419.75,0
2958,534.02,187.26
2959,0,409.25
2960,1348.33,0
2961,1052.08,0
2962,289.46,0
2963,301.99,0
2964,0,496.52
2965,400.93,0
2966,1166.52,0
2967,464.48,1575.42
2968,567.05,0
2969,0,0
2970,188.53,0
2971,16.98,205
2972,69.53,0
2973,238.07,285.23
2974,207.73,0
2975,2027.53,0
2976,0,0
2977,563.43,218.63
2978,0,67.78
2979,0,0
2980,618.52,0
2981,0,1037.58
2982,0,0
2983,212.09,0
2984,0,1549.59
2985,0,591.98
2986,213.75,2369.67
2987,0,0
2988,0,1192.2
2989,0,782.68
2990,162.65,439.75
2991,0,0
2992,881.32,0
2993,84.97,0
2994,0,88.46
2995,173.54,0
2996,999.31,0
2997,53.5,0
2998,187.71,128.17
2999,255.39,0
3000,680.88,403.84
3001,458.93,882.22
3002,121.4,1602.56
3003,80.25,1529.05
3004,104.98,5313.09
3005,56.53,335.26
3006,0,699.3
3007,252.14,671.14
3008,0,0
3009,841.63,336.05
3010,268.73,243.9
3011,136.58,666.22
3012,128.53,0
3013,353.07,0
3014,771.79,0
3015,0,0
3016,408.64,0
3017,0,0
3018,403.1,770.71
3019,523.01,0
3020,821.92,253.42
3021,0,0
3022,1541.89,0
3023,740.36,0
3024,1287.27,0
3025,2934.39,0
3026,0,0
3027,0,0
3028,0,0
3029,628.81,0
3030,1922.96,0
3031,491.29,0
3032,0,0
3033,0,0
3034,501.34,0
3035,257.49,0
3036,2584.56,0
3037,983.79,0
3038,0,0
3039,0,0
3040,868.06,0
3041,0,0
3042,82.32,0
3043,357.91,0
3044,405.19,0
3045,221.7,0
3046,0,0
3047,0,0
3048,418.32,0
3049,463.84,0
3050,248.69,0
3051,3186.72,0
3052,1405.48,0
3053,0,0
3054,0,0
3055,0,0
3056,65.6,0
3057,0,0
3058,0,0
3059,0,0
3060,0,0
3061,807.23,0
3062,419.93,0
3063,682.13,215.36
3064,517.15,0
3065,88.61,0
3066,110.07,0
3067,149.11,0
3068,131.68,0
3069,120.27,0
3070,1132.12,0
3071,0,0
3072,0,0
3073,0,0
3074,0,533.89
3075,277.25,399.73
3076,322.48,1087.55
3077,232.77,0
3078,0,0
3079,0,0
3080,0,1115.66
3081,7.97,1550.64
3082,1061.52,0
3083,628.01,0
3084,846.74,0
3085,67.21,0
3086,176.46,0
3087,0,587.08
3088,225.33,2103.05
3089,114.03,425.26
3090,146.31,308.07
3091,351.62,99.51
3092,300.84,0
3093,1600,553.71
3094,437.4,259.27
3095,396.51,0
3096,0,59.93
3097,358.47,0
3098,205.18,0
3099,294,0
3100,198.95,1042.21
3101,76.62,1116.49
3102,275.3,0
3103,0,489.72
3104,959.23,0
3105,97.9,0
3106,945.32,653.88
3107,2108.33,529.24
3108,3059.64,0
3109,201.17,376.72
3110,554.67,0
3111,680.93,149.2
3112,337.1,0
3113,587.01,0
3114,729.13,0
3115,407.08,2086.96
3116,205.92,784.93
3117,73.27,265.74
3118,696.3,444.64
3119,716.2,549.6
3120,180.89,0
3121,0,382.59
3122,0,0
3123,111.89,0
3124,289.06,932.84
3125,186.58,0
3126,606.98,0
3127,1053.8,131.48
3128,491.31,0
3129,325.56,0
3130,0,0
3131,117.88,0
3132,312.79,0
3133,1820.46,0
3134,0,0
3135,223.01,0
3136,497.27,0
3137,527.82,1675.04
3138,324.36,0
3139,226.14,0
3140,0,0
3141,213.17,0
3142,0,0
3143,0,0
3144,473.93,0
3145,300,0
3146,986.96,0
3147,360.53,0
3148,328.55,0
3149,0,115.57
3150,453.43,0
3151,0,0
3152,0,0
3153,345.26,0
3154,101.57,0
3155,0,0
3156,733.98,0
3157,0,384.47
3158,1033.77,0
3159,735.84,0
3160,287.44,0
3161,0,0
3162,0,0
3163,0,0
3164,0,745.43
3165,772.8,0
3166,0,0
3167,2582.95,0
3168,273.64,0
3169,0,0
3170,1183.43,0
3171,415.3,0
3172,271.08,0
3173,415.45,0
3174,0,0
3175,0,0
3176,2420.84,0
3177,347.26,0
3178,217.07,0
3179,155.68,0
3180,17.76,0
3181,957.81,0
3182,145.28,0
3183,189.17,0
3184,0,0
3185,101.48,1307.19
3186,506.02,0
3187,0,0
3188,0,0
3189,216.53,0
3190,256.38,0
3191,164.69,0
3192,508.13,0
3193,1018.45,0
3194,882.61,3929.27
3195,0,0
3196,0,0
3197,368.19,0
3198,0,0
3199,0,0
3200,240.35,1612.9
3201,1165.1,0
3202,349.77,798.08
3203,596.36,0
3204,274.09,0
3205,284.83,0
3206,0,0
3207,0,0
3208,0,0
3209,0,0
3210,0,0
3211,174.57,5681.82
3212,0,0
3213,0,0
3214,0,0
3215,544.83,0
3216,0,0
3217,0,0
3218,507.97,32.94
3219,393.77,0
3220,181.72,0
3221,793.9,0
3222,336.77,0
3223,550.36,651.89
3224,298.5,0
3225,0,2000
3226,92.43,90.76
3227,0,0
3228,153.3,0
3229,0,0
3230,0,481.46
3231,387,0
3232,1728.33,0
3233,119.22,0
3234,192.23,0
3235,0,0
3236,0,297
3237,234.69,446.35
3238,105.61,0
3239,0,0
3240,0,0
3241,0,0
3242,0,0
3243,310.3,0
3244,0,0
3245,84.29,0
3246,332.89,0
3247,379.36,96.83
3248,0,0
3249,0,103.11
3250,443.85,0
3251,605.16,0
3252,85.72,370.71
3253,2439.52,0
3254,0,0
3255,92.27,0
3256,385.28,288.1
3257,0,0
3258,299.76,200.08
3259,265.41,0
3260,322.95,0
3261,343.54,0
3262,75.13,80.3
3263,66.84,0
3264,0,703.05
3265,1410.09,273.45
3266,1956.07,0
3267,0,0
3268,1631.32,239.77
3269,1956.95,1303.78
3270,995.02,18.42
3271,0,0
3272,0,287.77
3273,704.95,0
3274,4769.53,0
3275,124.18,0
3276,351.22,0
3277,1374.03,195.89
3278,0,145.19
3279,0,0
3280,0,1226.35
3281,652.14,0
3282,0,0
3283,2052.9,71.76
3284,0,0
3285,170.29,0
3286,1021.45,0
3287,0,0
3288,0,1538.46
3289,0,437.25
3290,6.94,0
3291,144.7,0
3292,0,0
3293,0,0
3294,58.78,0
3295,285.71,3322.26
3296,139.65,0
3297,0,237.87
3298,0,0
3299,948.77,0
3300,3413.72,930.69
3301,575.37,0
3302,0,0
3303,0,838.77
3304,0,0
3305,659.2,0
3306,0,0
3307,0,579.37
3308,0,0
3309,4255.32,0
3310,0,0
3311,487.65,503.08
3312,0,1111.11
3313,389.05,486.11
3314,405.84,0
3315,841.28,0
3316,0,0
3317,0,0
3318,143.71,0
3319,436.59,0
3320,1138.95,0
3321,247.59,0
3322,0,499.5
3323,312.5,0
3324,510.2,1740.92
3325,769.82,0
3326,399.68,1055.19
3327,412.54,0
3328,0,0
3329,301.57,0
3330,261.81,0
3331,0,0
3332,0,0
3333,204.83,0
3334,297.09,6024.1
3335,229.62,0
3336,0,6211.18
3337,0,2352.94
3338,820.85,0
3339,763.7,3636.36
3340,0,0
3341,0,1996.01
3342,0,0
3343,0,0
3344,0,0
3345,0,0
3346,736.03,0
3347,0,644.33
3348,528.68,204.48
3349,317.06,0
3350,0,1687.29
3351,0,174.67
3352,0,386.2
3353,0,81.44
3354,0,99.58
3355,0,222.65
3356,0,0
3357,0,0
3358,0,0
3359,0,0
3360,0,0
3361,0,0
3362,246.28,181.62
3363,342.86,0
3364,653.96,0
3365,0,0
3366,0,0
3367,28.7,2564.1
3368,0,0
3369,0,0
3370,0,0
3371,0,0
3372,0,917.01
3373,0,0
3374,0,0
3375,0,75.1
3376,0,524.38
3377,0,9404.39
3378,0,0
3379,0,0
3380,0,0
3381,0,0
3382,0,0
3383,0,793.02
3384,0,0
3385,176.8,0
3386,0,350.94
3387,418.22,424.63
3388,327.39,247.79
3389,0,1128.67
3390,654.45,284.5
3391,0,0
3392,0,0
3393,159.77,0
3394,112.64,726.74
3395,1332,0
3396,76.82,1312.34
3397,215.66,0
3398,30,575.37
3399,663.07,821.31
3400,0,0
3401,0,738.35
3402,1132.5,0
3403,170.49,0
3404,0,0
3405,141.67,0
3406,114.69,1415.72
3407,0,438.4
3408,724.76,1504.41
3409,98.47,0
3410,490.44,0
3411,411.18,0
3412,348.72,2088.03
3413,834.18,42.14
3414,127.35,0
3415,885.13,567.79
3416,614.25,419.11
3417,87.63,0
3418,220.63,0
3419,0,44.1
3420,0,0
3421,857.93,2302.38
3422,842.82,0
3423,1336.9,0
3424,1274.95,0
3425,243.39,3558.86
3426,0,0
3427,360.33,1197.6
3428,608.77,36.05
3429,889.22,0
3430,0,3022.97
3431,0,0
3432,0,507.77
3433,0,1689.52
3434,571.1,1738.02
3435,116.04,0
3436,0,518.31
3437,273.2,4746.84
3438,348.97,0
3439,519.62,359.93
3440,477.44,429.89
3441,405.95,798.72
3442,13157.89,812.02
3443,0,87.91
3444,0,1271.19
3445,0,131.51
3446,2545.42,0
3447,0,0
3448,0,1847.58
3449,511.04,0
3450,713.38,561.17
3451,0,52.94
3452,0,0
3453,912.41,0
3454,0,0
3455,262.19,0
3456,50.38,487.38
3457,133.23,542.51
3458,0,362.06
3459,563.19,883
3460,0,883.78
3461,0,256.02
3462,170.25,1582.28
3463,226.59,1396.65
3464,0,1532.18
3465,0,345.01
3466,0,2310.8
3467,409.9,0
3468,0,518.42
3469,166.35,1012.97
3470,405.96,923.36
3471,148.25,110.78
3472,129.47,0
3473,0,0
3474,187.69,272.75
3475,0,0
3476,0,1807.06
3477,2295.33,0
3478,0,0
3479,278.63,0
3480,0,0
3481,7194.24,830.11
3482,7272.73,224.79
3483,7812.5,0
3484,0,254.97
3485,0,0
3486,56.09,0
3487,228.12,559.44
3488,718.85,1384.08
3489,0,1380.26
3490,828.42,0
3491,395.1,0
3492,243.43,0
3493,454.14,0
3494,248.48,0
3495,435.31,0
3496,221.34,2615.93
3497,0,0
3498,1297.03,686.25
3499,444.25,0
3500,575.23,45.61
3501,186.91,0
3502,87.28,1033.35
3503,0,545.55
3504,962.46,0
3505,1999.79,0
3506,3206.66,2829.5
3507,748.5,0
3508,219.84,1116.18
3509,416.75,0
3510,28.51,0
3511,254.32,0
3512,328.87,5086.07
3513,0,107.82
3514,465.47,244.46
3515,0,37.89
3516,0,749.63
3517,0,679.06
3518,346.02,887.31
3519,74.33,208.38
3520,647.63,0
3521,347.96,762.82
3522,1215.54,0
3523,0,1313.2
3524,363.07,0
3525,0,0
3526,600.64,962.93
3527,47.18,0
3528,103.55,32.1
3529,0,216.28
3530,70.06,983.89
3531,0,0
3532,0,0
3533,692.64,0
3534,0,0
3535,156.86,200.76
3536,41,188.53
3537,0,104.33
3538,1161.42,79.86
3539,94.53,97.67
3540,1062.98,0
3541,0,914.98
3542,441.09,1989.39
3543,40.23,0
3544,1213.59,0
3545,0,80.47
3546,223.51,215.61
3547,0,0
3548,0,1980.2
3549,323.25,0
3550,0,0
3551,25.31,191.77
3552,64.04,0
3553,0,2666.67
3554,360.27,290.16
3555,0,1853.22
3556,1000.7,576.99
3557,145.07,0
3558,115.98,234.96
3559,256.74,0
3560,0,1555.21
3561,823.97,171.41
3562,416.34,583.43
3563,665.83,586.17
3564,1866.07,754.59
3565,260.62,1400.37
3566,1541.92,330.88
3567,1588.56,0
3568,1709.11,280.43
3569,1080.61,209.05
3570,1853.91,1010.1
3571,0,0
3572,199.4,0
3573,158.42,0
3574,259.67,1449.28
3575,0,0
3576,633.18,0
3577,126.66,1408.45
3578,393.3,465.55
3579,1072.46,977.52
3580,705.9,1265.82
3581,0,221.76
3582,118.42,58.87
3583,741.77,0
3584,1141.84,0
3585,1135.79,262.87
3586,604.17,0
3587,0,0
3588,137.9,0
3589,625.26,2066.12
3590,149.98,0
3591,4417.26,1313.2
3592,608.42,0
3593,1360.42,0
3594,774.08,0
3595,157.07,0
3596,869.26,0
3597,235.46,348.11
3598,2710.03,0
3599,1119.19,0
3600,219.97,0
3601,401.4,0
3602,564.97,0
3603,40.7,81.17
3604,2023.06,52.08
3605,320.62,26.35
3606,612.93,0
3607,457.92,474.38
3608,949.26,1096.49
3609,717.05,0
3610,779.71,0
3611,316.61,0
3612,0,0
3613,0,0
3614,0,493.34
3615,27.91,412.6
3616,329.6,973.14
3617,0,0
3618,0,0
3619,0,0
3620,1039.5,4489.34
3621,693.7,0
3622,148.65,0
3623,29.11,0
3624,0,0
3625,0,1095.5
3626,0,323.42
3627,0,5287.28
3628,1170.96,31.11
3629,398.41,584.8
3630,724.53,572.2
3631,0,516.97
3632,510.73,0
3633,0,0
3634,174.45,0
3635,0,0
3636,0,0
3637,57.4,894.05
3638,221.17,1050.18
3639,57.79,230.76
3640,127.45,0
3641,0,587.71
3642,586.17,753.01
3643,93.3,0
3644,1495.7,332.89
3645,474.13,704.98
3646,933.53,0
3647,362.52,571.43
3648,0,269.46
3649,2421.24,0
3650,2451.5,23.02
3651,979.63,172.67
3652,2557.25,0
3653,0,355.56
3654,346.05,0
3655,1268.38,0
3656,411.45,0
3657,52.79,0
3658,0,0
3659,0,0
3660,0,0
3661,0,0
3662,0,369.2
3663,280.86,2026.34
3664,5056.89,1854.86
3665,0,1174.81
3666,1323.96,0
3667,546.54,0
3668,2308.8,0
3669,645.44,0
3670,0,752.07
3671,85.75,1408.05
3672,119.19,0
3673,0,1362.71
3674,0,1296.46
3675,1395.78,1139.6
3676,0,2175.81
3677,516.91,3340.76
3678,3460.31,1511.72
3679,2387.9,0
3680,3125.42,494.32
3681,2861.29,0
3682,0,552.79
3683,374.25,0
3684,1101.55,465.65
3685,241.08,2762.43
3686,0,0
3687,0,150.74
3688,574.38,0
3689,85.6,618.12
3690,44.63,0
3691,0,71.63
3692,0,466.3
3693,147.7,0
3694,145.24,639.8
3695,848.66,541.17
3696,155.93,0
3697,388.68,1113.59
3698,0,882.61
3699,0,6309.15
3700,0,380.26
3701,1520.82,0
3702,0,1507.84
3703,0,1100.38
3704,2142.25,1342.23
3705,0,0
3706,811.03,2009.65
3707,1372.47,742.27
3708,3391.5,1376.78
3709,0,90.59
3710,42.37,180.02
3711,2282.95,273.52
3712,562.72,0
3713,753.01,0
3714,479.08,0
3715,480.43,0
3716,248.88,372.3
3717,167.57,0
3718,348.84,0
3719,936.22,0
3720,688.47,0
3721,0,0
3722,1697.46,0
3723,172.31,0
3724,538.39,0
3725,202.43,0
3726,98.18,0
3727,462.32,0
3728,311.24,0
3729,115.39,0
3730,643.95,0
3731,22.6,0
3732,370.83,0
3733,0,0
3734,2469.14,0
3735,0,0
3736,0,0
3737,284.41,0
3738,661.62,0
3739,105.99,1953.13
3740,311.13,0
3741,0,0
3742,3702.33,0
3743,174.38,0
3744,203.54,0
3745,0,0
3746,474.82,0
3747,329.6,236.95
3748,330.73,0
3749,148.51,0
3750,0,0
3751,544.28,225.87
3752,1100.51,286.01
3753,0,0
3754,212.45,113.82
3755,124.89,127.45
3756,444.52,0
3757,605.69,2762.43
3758,0,0
3759,0,0
3760,0,0
3761,0,314.96
3762,0,0
3763,530.79,1084.6
3764,0,0
3765,0,237.53
3766,0,0
3767,99.39,0
3768,122,0
3769,179.03,0
3770,197.65,863.93
3771,179.12,123.5
3772,0,370.92
3773,81.25,0
3774,0,0
3775,887.19,935.99
3776,329.87,1906.58
3777,1153.11,0
3778,0,302.77
3779,158.14,0
3780,674.61,0
3781,0,0
3782,0,1584.37
3783,0,613.93
3784,0,701.75
3785,852.51,0
3786,240.73,313.21
3787,0,0
3788,0,1192.86
3789,0,0
3790,213.31,0
3791,295.14,113.17
3792,82.07,109.63
3793,2541.94,0
3794,0,757.34
3795,387.05,2695.42
3796,0,849.14
3797,249.56,748.95
3798,496.67,624
3799,1015.68,74.83
3800,0,206.86
3801,197.05,0
3802,0,0
3803,284.43,0
3804,479.5,79.19
3805,81.9,0
3806,599.99,0
3807,238.38,0
3808,0,0
3809,169.71,2247.19
3810,0,270.44
3811,0,0
3812,484.06,0
3813,0,0
3814,0,0
3815,409.63,2332.81
3816,0,0
3817,233.43,747.66
3818,178.15,0
3819,125.4,561.09
3820,274.18,137.33
3821,47.56,0
3822,182.18,1654.26
3823,0,0
3824,0,0
3825,230.44,1536.1
3826,88.48,0
3827,155.84,0
3828,339.33,0
3829,113.99,470.59
3830,0,268.24
3831,0,0
3832,629.06,0
3833,0,0
3834,658.36,0
3835,201.79,631.03
3836,0,574.83
3837,540.1,0
3838,237.72,98.03
3839,0,181.39
3840,320.9,0
3841,669.79,0
3842,298.46,0
3843,43.82,0
3844,68.55,1531.39
3845,391.75,0
3846,437.57,0
3847,364.33,0
3848,149.9,165.62
3849,272.5,1335.11
3850,292.56,745.16
3851,240.76,0
3852,351.88,0
3853,162.01,0
3854,235.88,476.19
3855,2425.35,0
3856,0,0
3857,0,0
3858,268.14,0
3859,443.84,0
3860,1215.9,0
3861,789.21,0
3862,1308.9,0
3863,1275.51,254.49
3864,220.51,968.62
3865,182.03,266.6
3866,1078.17,0
3867,0,0
3868,16.1,0
3869,0,0
3870,215.05,174.49
3871,177.49,0
3872,0,0
3873,1061.01,0
3874,0,0
3875,0,0
3876,0,0
3877,0,0
3878,0,0
3879,89.52,0
3880,850.82,0
3881,460.66,0
3882,279.33,0
3883,470.81,0
3884,339.42,0
3885,505.36,0
3886,0,0
3887,0,1201.92
3888,389.22,0
3889,0,0
3890,0,0
3891,0,0
3892,278.92,0
3893,401.8,0
3894,53.39,698.81
3895,0,0
3896,0,0
3897,0,0
3898,0,0
3899,0,0
3900,0,610.69
3901,0,0
3902,250.13,1434.72
3903,66.93,0
3904,453.4,975.61
3905,0,0
3906,0,0
3907,694.5,418.94
3908,403.64,0
3909,2642.82,700.28
3910,1479.15,0
3911,0,0
3912,385.38,957.85
3913,575.89,1533.74
3914,0,0
3915,310.64,339.44
3916,182.28,306.37
3917,968.18,0
3918,1762.84,1324.5
3919,0,0
3920,776.2,0
3921,114.81,3021.15
3922,754.91,252.4
3923,101.36,952.38
3924,0,0
3925,243.75,1153.4
3926,0,0
3927,0,0
3928,0,0
3929,133.25,0
3930,252.96,0
3931,897.04,0
3932,189.79,0
3933,94.16,0
3934,0,0
3935,689.58,0
3936,0,0
3937,320.05,0
3938,0,0
3939,0,0
3940,278.32,0
3941,208.04,1331.56
3942,384.59,0
3943,206.78,931.1
3944,0,0
3945,845.93,0
3946,305.75,0
3947,449.91,0
3948,1264.21,0
3949,385.68,0
3950,0,0
3951,0,0
3952,0,0
3953,175.27,0
3954,619.39,0
3955,528.85,0
3956,0,0
3957,1806.68,0
3958,548.37,0
3959,0,0
3960,542.59,385.36
3961,0,340.74
3962,0,0
3963,0,0
3964,212.11,0
3965,0,0
3966,532.77,0
3967,0,488.28
3968,165.29,1964.64
3969,0,0
3970,1504.7,0
3971,0,618.05
3972,0,0
3973,0,0
3974,609.2,0
3975,0,0
3976,0,0
3977,0,0
3978,259.77,0
3979,0,1600
3980,0,166.82
3981,0,0
3982,0,0
3983,1383.13,0
3984,202.55,0
3985,295.18,0
3986,268.38,0
3987,140.14,0
3988,1239.4,0
3989,176.87,47.19
3990,0,1081.08
3991,411.52,0
3992,1118.49,284.25
3993,0,0
3994,0,2044.99
3995,1173.04,0
3996,171.34,0
3997,802.9,0
3998,0,0
3999,1514,0
4000,0,0
4001,0,0
4002,1669.13,0
4003,2023.24,0
4004,0,0
4005,207.72,59.93
4006,48.96,0
4007,1097.69,0
4008,0,1085.78
4009,434.88,1021.45
4010,0,0
4011,114.78,0
4012,0,2181.03
4013,154.46,0
4014,0,0
4015,0,0
4016,560.43,0
4017,351.99,0
4018,0,0
4019,1371.1,0
4020,333.78,1892.74
4021,947.55,2074.34
4022,49.56,0
4023,69.48,0
4024,0,0
4025,124.47,0
4026,304.7,0
4027,219.15,0
4028,0,0
4029,0,0
4030,396.43,0
4031,0,0
4032,105.51,0
4033,74.66,0
4034,243.61,2862.05
4035,738.61,0
4036,340.23,0
4037,383.24,0
4038,835.18,0
4039,494.75,0
4040,43.61,0
4041,45.11,0
4042,41.79,0
4043,0,0
4044,0,0
4045,340.34,0
4046,0,2040.22
4047,1303.5,0
4048,103.39,0
4049,645.35,0
4050,68.3,0
4051,0,0
4052,0,0
4053,0,761.52
4054,1150.65,851.06
4055,3422.78,314.56
4056,0,0
4057,484.42,0
4058,0,0
4059,0,1869.16
4060,203.42,0
4061,88.13,0
4062,107.51,0
4063,0,0
4064,0,0
4065,0,0
4066,3546.62,0
4067,1016.22,187.19
4068,262.04,0
4069,0,0
4070,0,0
4071,2361.39,0
4072,202.13,0
4073,0,0
4074,83.01,0
4075,367.2,0
4076,0,0
4077,0,0
4078,1340.94,0
4079,0,0
4080,0,0
4081,0,0
4082,1421.8,0
4083,0,563.7
4084,175.99,2288.33
4085,521.38,0
4086,1175.09,0
4087,3244.65,0
4088,964.55,0
4089,979.3,0
4090,45.97,0
4091,358.82,0
4092,303.02,0
4093,0,0
4094,168.78,0
4095,301.27,0
4096,371.6,0
4097,220.92,0
4098,0,0
4099,0,0
4100,324.49,0
4101,202.8,0
4102,307.41,0
4103,343.64,0
4104,1383.62,0
4105,526.64,0
4106,532.01,0
4107,868.14,0
4108,978.49,2262.44
4109,0,0
4110,600.92,0
4111,438.5,0
4112,303.44,0
4113,2115.66,0
4114,494.38,0
4115,0,0
4116,43.63,0
4117,443.75,0
4118,2932.55,0
4119,543.18,0
4120,0,0
4121,76.86,0
4122,247.65,1085.78
4123,634.51,935.45
4124,65.4,0
4125,52.26,0
4126,0,2789.4
4127,0,715.82
4128,140.38,0
4129,0,745.43
4130,418.55,0
4131,35.42,1240.69
4132,626.96,0
4133,0,0
4134,0,0
4135,594.49,0
4136,460.62,0
4137,0,0
4138,2367.8,0
4139,0,0
4140,881.25,2631.58
4141,2363.37,0
4142,0,0
4143,378.79,0
4144,199.23,470.92
4145,3401.36,0
4146,795.33,199.96
4147,540.57,0
4148,705.79,0
4149,0,4938.27
4150,0,348.31
4151,116.67,0
4152,116.14,0
4153,195.73,4716.98
4154,163.43,2398.08
4155,125.09,0
4156,0,270.34
4157,0,895.26
4158,0,0
4159,0,0
4160,29.55,0
4161,215.33,550.96
4162,0,0
4163,1512.72,0
4164,377.82,0
4165,729.08,0
4166,486.58,0
4167,1252.42,0
4168,1063.28,8104.89
4169,373.26,0
4170,87.7,0
4171,160.62,0
4172,0,1154.51
4173,0,0
4174,239.85,0
4175,419.08,0
4176,604.41,0
4177,160.68,963.08
4178,0,0
4179,1044.55,0
4180,251.32,2824.86
4181,1419.78,0
4182,124.93,0
4183,681.64,0
4184,607.23,0
4185,101.24,0
4186,3949.92,0
4187,584.45,1552.8
4188,0,0
4189,274.88,3272.25
4190,0,0
4191,198.75,0
4192,92.95,0
4193,267.21,409.92
4194,637.66,765.11
4195,1126.71,2099.86
4196,0,1430.62
4197,69.06,0
4198,793.41,0
4199,0,761.32
4200,1018.33,0
4201,0,0
4202,0,0
4203,0,0
4204,737.79,59.49
4205,0,147.6
4206,0,0
4207,0,0
4208,1009.08,0
4209,0,0
4210,0,0
4211,0,0
4212,0,0
4213,0,0
4214,210.88,0
4215,0,0
4216,0,188.47
4217,0,0
4218,836.82,0
4219,0,0
4220,343.29,719.13
4221,0,318.42
4222,0,1049.1
4223,67.85,1188.8
4224,903.14,1483.68
4225,1333.04,0
4226,1520.25,1842.75
4227,10660.98,265.18