ID_must,1650_59,1660_69
1,0,0
2,3550.79,0
3,1011.45,0
4,902.93,1963.41
5,237.81,1390.58
6,2329.02,0
7,2349.07,1962.56
8,2597.12,1549.6
9,0,2177.91
10,1428.57,1506.87
11,490.72,2061.69
12,403.55,1230.44
13,843.53,1330.52
14,1474.42,2720.8
15,0,2926.38
16,406.11,0
17,1608.58,1338.45
18,306.02,0
19,492.37,2162.54
20,1752.22,0
21,0,115.7
22,152.77,378.07
23,0,373.48
24,1012.49,1045.48
25,2297.42,986.77
26,2544.6,44.95
27,2979.2,475.4
28,0,8486.91
29,907.11,822.5
30,1476.89,648.3
31,1315.79,645.79
32,931.94,1547.3
33,608.03,1853.85
34,1344.78,871.84
35,823.72,0
36,1543.45,0
37,566.37,439.79
38,1992.44,2046.6
39,847.25,1649.56
40,1332.32,432.06
41,281.79,3451.25
42,239.48,0
43,814.81,863.11
44,842.89,899.28
45,516.17,4901.96
46,847.19,0
47,414.49,2218.93
48,866.7,265.2
49,622.52,390.57
50,0,2632.31
51,0,1094.09
52,663.11,2609.6
53,465.81,2191.78
54,801.99,0
55,1783.68,760.8
56,371.48,0
57,0,0
58,0,974.24
59,0,2428.03
60,0,1529.93
61,1001,0
62,0,0
63,973.71,596.95
64,0,3634.48
65,0,1188.35
66,0,0
67,1171.78,1313.36
68,1642.94,309.98
69,1485.88,0
70,402.58,491.88
71,5562.91,1771.87
72,757.75,215.05
73,2186.15,904.98
74,2312.42,807.1
75,2298.07,1285.83
76,1913.74,1035.12
77,2965.47,1192.08
78,1779.51,1634.28
79,594.29,1942.23
80,1602.41,2107.24
81,3217.05,0
82,3327.34,274.12
83,4501.74,0
84,2075.55,635.59
85,1911.62,865.5
86,1813.71,0
87,1864.58,1204.64
88,552.41,730.46
89,2626,121.37
90,2335.55,1084.06
91,2049.38,695.17
92,3019.44,3383.28
93,3229.87,0
94,3109.34,0
95,987.15,202.51
96,0,1311.82
97,656.27,633.93
98,1869.82,428.7
99,2313.33,54.27
100,1016.26,2039.78
101,1022.7,0
102,676.93,367.63
103,1196.33,622.25
104,0,1894.34
105,638.98,1399.3
106,416.93,538.21
107,153.49,0
108,255.9,1519.76
109,333.11,956.41
110,388.12,6535.95
111,462.71,717.42
112,725.16,513.17
113,152.44,756.21
114,502.31,1762.23
115,526.32,1448.97
116,497.64,1322.82
117,1004.06,505.25
118,928.51,364.03
119,1305.14,890
120,920.53,1899.08
121,597.08,1905.23
122,1848.4,1880.93
123,1157.7,2923.72
124,953.15,4024.8
125,1520.91,2053.47
126,638.98,3498.28
127,707.81,2786.84
128,768.79,2658.69
129,2248.18,2400.5
130,1419.58,1397.62
131,332.71,3473
132,737.92,1200.11
133,525.72,1918.33
134,1679.47,579.21
135,4230.08,1782.91
136,1543.94,1202.16
137,3349.39,2782.99
138,2346.15,1829.68
139,2680.42,1955.67
140,0,1425.23
141,311.46,3158.31
142,548.39,2030.02
143,657.35,510.2
144,1539.5,1956.09
145,1436.3,1502.18
146,1780.19,1522.07
147,2114.66,1049.32
148,1630.3,646.69
149,2727.1,628.34
150,9170.58,995.42
151,1242.24,1028.01
152,1388.08,634.52
153,904.08,1197.6
154,495.88,632.64
155,475.2,2466.14
156,800.75,2566.43
157,1697.88,2204.91
158,1010.27,1474.93
159,546.75,1054.85
160,1398.07,898.8
161,2834.81,170.16
162,0,379.36
163,834.11,1751.31
164,1041.72,1662.72
165,196.58,428.82
166,497.76,403.31
167,1756.95,456.77
168,895.01,1207.73
169,656.16,2288.33
170,468.82,762.76
171,456.82,211.51
172,589.52,293.31
173,483.56,852.31
174,2172.01,0
175,916.54,1115.78
176,550.88,563.28
177,412.87,312.3
178,896.39,752.59
179,0,779.12
180,2035.8,1566.44
181,472.87,374.67
182,1395.19,0
183,653.17,1784.86
184,761.45,514.51
185,499.55,819.86
186,533.58,707.2
187,331.19,1131.86
188,1388.72,1297.02
189,349.91,0
190,0,1833.25
191,2383.07,2816.9
192,1577.56,720.46
193,1472.44,814.29
194,1856.2,0
195,2182.1,3106.1
196,2171.71,3825.01
197,75.34,919.74
198,929.37,636.7
199,647.67,1881.49
200,738.66,1917.71
201,342.83,449.9
202,575.02,4074.98
203,312.73,661.81
204,1785.5,354.51
205,553.18,154.02
206,1447.6,1916.5
207,1349.91,204.25
208,1274.73,1707.63
209,1091.13,1393.79
210,1195.2,1683.92
211,1320.34,0
212,2593.81,5905.51
213,0,1349.31
214,0,893.18
215,4701.98,395.62
216,604.41,675.76
217,234.91,1615.84
218,881.32,0
219,449.99,0
220,540.7,1159.56
221,892.35,319.61
222,1219.12,3877.64
223,2145.92,1022.7
224,953.9,1358.7
225,2795.78,933.59
226,551.39,715.99
227,557.03,1422.12
228,994.93,855.51
229,1251.32,1972.92
230,678.06,798.5
231,271.67,578.23
232,1357.4,1192.8
233,282.65,1060.68
234,1943.84,923.14
235,0,457.67
236,629.67,0
237,536.8,2928.69
238,462.11,629.52
239,917.67,1793.4
240,115.87,619.09
241,2034.38,3138.58
242,2051.28,2374.17
243,1409.79,0
244,1167.37,1196.43
245,1905.35,1291.99
246,4252.35,306.72
247,2247.07,1536.46
248,1522.85,2895.19
249,1116.12,2292.83
250,1720.97,318.18
251,1896.32,384.12
252,1289.06,320
253,427.75,1098.5
254,1460,1737.52
255,441.49,446.83
256,605.99,0
257,181.67,1414.43
258,345.18,1050.42
259,356.25,348.19
260,1089.58,3133.25
261,0,884.81
262,0,745.16
263,873.16,436.85
264,933.3,120.41
265,744.76,2776.72
266,297.16,893.26
267,9234.83,650.2
268,837.87,0
269,0,1569.86
270,1298.7,1958.18
271,871.33,1790.35
272,138.62,1459.25
273,0,0
274,1685.51,313.16
275,273.22,1979.18
276,0,554.68
277,1198.56,1905.37
278,655.74,1123.63
279,3683.24,441.11
280,1260.74,651.71
281,861.33,1519.93
282,0,2545.44
283,2727.77,1831.5
284,519.82,0
285,959.08,661.52
286,2411.41,994.57
287,1071.18,2751.03
288,0,1347.03
289,1682.37,1762.31
290,3105.59,1135.69
291,1652.45,987.05
292,1916.88,2141.42
293,479.81,1940.06
294,844.06,1725.31
295,3542.11,182.08
296,1226.45,831.88
297,2089.32,1060.6
298,1074.34,1449.95
299,411.43,867.75
300,903.98,963.55
301,3346.72,286.86
302,0,2402.88
303,940.29,7739.42
304,1560.87,2419.63
305,0,0
306,882.05,1003.34
307,840.47,1468.43
308,0,535.29
309,1640.82,2495.46
310,415.71,0
311,1677.79,3865.72
312,0,1016
313,1709.57,0
314,481.23,326.34
315,521.38,861.9
316,513.45,1193.58
317,240.67,750.19
318,0,1550.24
319,1117.32,2095.21
320,810.21,1578.01
321,781.15,357.4
322,0,809.77
323,0,2157.64
324,395.57,1692.62
325,665.78,682.59
326,795.54,1921.71
327,1592.75,1576.32
328,367.94,686.6
329,1745.2,1643.9
330,125.04,1644.42
331,537.04,0
332,181.07,0
333,3441.26,547.8
334,277.32,1064.93
335,1861.41,1129.83
336,9.15,0
337,2001.33,0
338,1200.74,0
339,1459.5,748.5
340,1502.16,0
341,0,0
342,1435.34,1063.4
343,0,758.99
344,1425.94,1744.69
345,1164.98,514.45
346,939.1,289.03
347,1555.45,1177.39
348,0,512.62
349,765.53,1106.54
350,446.93,0
351,1140.46,0
352,845.55,472.69
353,1453.88,849.58
354,1051.72,1715.44
355,1462.36,1652.07
356,2508.69,2550.21
357,1197,0
358,815.55,0
359,70.32,180.05
360,298.04,995.69
361,1630.32,887.22
362,0,0
363,1889.84,254.91
364,2501.7,868.56
365,3999.91,2392.34
366,1456.98,390.7
367,1535.9,2441.19
368,0,218.77
369,849.21,1836.88
370,2810.68,982.53
371,871.92,770.13
372,2130.47,323.72
373,1792.11,1312.02
374,2168.69,2254.79
375,1079.87,2057.41
376,937.05,1209.19
377,535.28,2598.53
378,1145.36,1836.55
379,1316.56,752.45
380,226.06,1166.79
381,495.96,2010.72
382,45.34,2799.16
383,495.95,0
384,1696.98,0
385,814.46,0
386,120.5,0
387,369.53,0
388,1949.79,302.94
389,880.11,302.39
390,1902.75,0
391,1235.2,1306.05
392,2196.19,0
393,824.4,826.86
394,1444.43,827.81
395,781.3,0
396,1064.21,3875.97
397,1570.63,0
398,1350.41,0
399,0,276.93
400,0,3490.4
401,0,1996.01
402,0,2298.85
403,0,6465.52
404,0,629.72
405,0,1156.74
406,0,795.86
407,0,0
408,965.25,0
409,0,0
410,1288.69,0
411,529.94,0
412,0,0
413,4665.63,0
414,2819.21,0
415,0,0
416,1109.88,0
417,1277.02,0
418,279.79,0
419,698.62,0
420,821.5,0
421,1236.63,0
422,1924.23,0
423,0,0
424,754.32,0
425,1208.14,0
426,382.21,0
427,983.18,0
428,0,0
429,1971.09,0
430,330.14,0
431,1697.79,0
432,1759.6,0
433,1654.43,0
434,715.31,0
435,0,0
436,2552.82,0
437,765.36,0
438,0,0
439,483.01,0
440,0,0
441,844.86,0
442,0,1883.24
443,899,0
444,637.48,0
445,1236.32,0
446,866.98,0
447,1189.94,0
448,1841.32,0
449,996.59,0
450,446.53,0
451,4159.49,0
452,771.52,0
453,2863.69,0
454,288.77,0
455,1255.09,0
456,1408.74,0
457,0,0
458,0,0
459,0,0
460,0,0
461,1142.86,0
462,603.14,0
463,640.26,0
464,1404.49,0
465,2451.59,0
466,1644.74,0
467,847.77,0
468,283.67,3215.43
469,416.19,0
470,645.16,0
471,2029.69,0
472,152.59,0
473,0,0
474,0,0
475,1092.52,0
476,2058.58,0
477,798.24,0
478,2516.86,0
479,1582.47,0
480,622.75,0
481,1433.02,0
482,0,791.14
483,221.16,2702.7
484,706.44,2702.7
485,279.96,1703.58
486,806.75,1700.68
487,1974.16,2127.66
488,473.15,1992.03
489,1221.09,1805.05
490,1169.62,1760.56
491,3646.03,0
492,1501.83,0
493,291.55,0
494,0,0
495,477.49,0
496,472.92,0
497,1298.05,0
498,1573.2,0
499,0,0
500,1792.61,0
501,1001.35,0
502,679.58,342.31
503,918.1,316.71
504,1263.42,322.72
505,0,1120.25
506,1785.71,967.22
507,0,1964.64
508,0,464.68
509,0,3356.64
510,0,349.34
511,0,940.73
512,0,393.24
513,0,2007.33
514,0,494.07
515,719.85,2142.13
516,226.53,792.71
517,0,1728.72
518,2271.69,0
519,1748.85,0
520,734.84,0
521,1250.55,0
522,506.41,0
523,1026.43,0
524,0,0
525,0,266.81
526,0,480.15
527,0,1673.72
528,0,1091.89
529,0,2626.55
530,0,1172.79
531,0,0
532,0,586.26
533,0,58.35
534,0,626.31
535,0,113.17
536,0,526.37
537,0,136.31
538,0,146.46
539,1299.53,310.29
540,1201.47,0
541,1209.19,0
542,3523.92,2398.26
543,0,161.2
544,0,1205.86
545,0,2292.14
546,0,2726.82
547,0,1283.25
548,0,1295.55
549,0,476.15
550,0,295.42
551,684.93,243.39
552,0,420.24
553,851.24,1412.78
554,1467.25,2793.19
555,2747.25,290.22
556,1067.81,172.05
557,777.19,622.47
558,863.75,819.96
559,0,550.96
560,762.04,582.02
561,239.78,2107.48
562,512.46,2011.86
563,0,4103.97
564,2224.5,2142.7
565,1928.52,1314.06
566,1361.4,0
567,878.04,123.23
568,1117.01,674.58
569,782.09,1794.62
570,1018.57,842.52
571,2544.53,0
572,525,1722.65
573,2596.25,421.21
574,1548.63,0
575,444.15,3654.08
576,425.17,882.99
577,0,1679.26
578,1168.57,848.25
579,532.72,1451.87
580,0,0
581,2801.12,0
582,591.6,1656.62
583,1901.61,1485.27
584,3198.22,2370.37
585,2906.13,831.32
586,2494.28,1528.42
587,896.86,4454.69
588,956.33,2607.23
589,533.25,3142.61
590,0,2426.45
591,0,2246.03
592,0,541.86
593,0,963.64
594,663.13,0
595,1609.69,0
596,1615.89,4369.99
597,0,1469.15
598,1273.51,2267.36
599,0,589.58
600,1618.12,1477.92
601,166.89,912.3
602,887.05,1294.5
603,892.72,601.2
604,597.32,819.43
605,640.15,3494.06
606,1037.18,1196.89
607,361.79,1341.38
608,862.15,1150.83
609,969.14,1542.02
610,624.8,3078.82
611,167.45,1195
612,514.14,2034.59
613,1730.32,3066.14
614,1266.95,1063.04
615,2058.16,208.94
616,2183.12,1156.62
617,2349.19,1272.89
618,1305.66,1718.56
619,1943.1,1982.55
620,7693.6,2001.62
621,1913.39,1059.7
622,3224.14,2919.12
623,871.08,3506.01
624,628.14,1295.78
625,1948.07,304.22
626,0,334.17
627,0,952.48
628,149.69,1095.05
629,449.03,1951.85
630,2409.64,0
631,937.42,1455.6
632,475.74,3242.24
633,425.69,3580.56
634,0,9823.18
635,4449.39,0
636,5159.47,1900.16
637,0,0
638,1334.79,999.25
639,274.5,1309.54
640,0,0
641,730.57,1616.81
642,1291.36,666.67
643,0,483.25
644,0,1678.2
645,1814.88,836.94
646,2504.39,1356.55
647,1466.19,1373.87
648,3126.4,1079.33
649,127.05,1081.83
650,716.73,277.01
651,1253.56,5029.34
652,212.87,397.09
653,998.64,0
654,978.17,1356.85
655,560.37,0
656,1656.62,1948.58
657,1597.8,667.58
658,1084.04,904.48
659,950.97,454.96
660,2320.19,315.86
661,671.11,0
662,1445.92,0
663,951.38,287.77
664,801.86,271.52
665,111.33,613.87
666,2024.29,0
667,147.71,234.63
668,169.01,0
669,655.26,126.1
670,0,273.22
671,1644.74,1259.4
672,912.04,1129.23
673,1298.93,3041.42
674,0,2709.52
675,693.4,3207.32
676,3592.99,1263.06
677,736.24,415.02
678,442.09,792.35
679,761.5,466.93
680,1513.07,0
681,2754.06,497.51
682,1214.33,9685.23
683,761.9,2073.91
684,0,1936.64
685,287.67,878.9
686,1974.33,2175.16
687,1411.1,1064.94
688,439.72,0
689,2001.56,973.95
690,1491.27,2237.56
691,1737.59,1824.82
692,2352.62,880.17
693,0,2708.98
694,618.32,1000
695,503.77,645.88
696,915.69,314.02
697,1263.99,1577.29
698,2257.34,1524.22
699,1305.21,1661.77
700,112.23,0
701,838.93,1447.88
702,1481.87,966.18
703,2347.67,1243.99
704,0,3070.74
705,2626.4,1340
706,2761.4,2073.78
707,1432.05,2393.18
708,382.53,367.51
709,396.28,2103.79
710,849.55,2145
711,552.3,518.67
712,822.31,0
713,1145.94,3216.3
714,0,68.23
715,613.92,111.37
716,3027.38,798.08
717,960.84,341.67
718,0,1057.51
719,1011.42,765.59
720,1984.13,289.27
721,3114.66,1340.82
722,0,313.64
723,1488.67,156.58
724,654.49,895.73
725,0,194.37
726,0,1301.06
727,0,566.47
728,820.63,3106.57
729,745.97,0
730,1096.09,960.27
731,458.09,629.19
732,903.02,1052.63
733,1403.18,663.36
734,1822.53,856.9
735,934.45,260.55
736,0,1223.78
737,189.8,210.63
738,715.62,69.18
739,1139.99,0
740,361.64,3289.09
741,2102.5,530.5
742,361.18,0
743,848.61,820.01
744,651.42,448.03
745,214.26,442.58
746,211.89,586.11
747,205.56,441.5
748,0,1437.51
749,679.22,3069.2
750,315.89,0
751,0,0
752,793.48,0
753,620.63,0
754,997.52,1610.82
755,0,0
756,559.86,0
757,884.09,0
758,750.4,0
759,1304.12,2013.09
760,633.5,0
761,697.84,2193.83
762,876.81,0
763,0,0
764,0,0
765,2668.19,0
766,1189.28,0
767,0,840.69
768,4498.31,0
769,515.2,0
770,0,0
771,197.88,0
772,2362.69,0
773,0,0
774,802.24,0
775,1213.99,0
776,1577.78,0
777,1253.31,4862.24
778,38.93,0
779,1036.95,2570.69
780,1582.39,2242.15
781,374.86,0
782,0,1189.28
783,454.86,126.75
784,790.69,879.02
785,261.25,503.02
786,472.26,520.97
787,0,3275.92
788,0,0
789,536.43,980.36
790,1224.67,2439.87
791,3022.06,979.06
792,1051.52,378.99
793,2705.63,40.62
794,3557.97,279.1
795,618.05,872.09
796,891.07,677.2
797,929.37,597.48
798,3887.27,407.08
799,1751.75,2756.51
800,1056.08,0
801,1214.33,0
802,1890.72,0
803,781.22,1576.32
804,1203.77,1746.13
805,1805.87,3508.65
806,373.09,2458.92
807,683.76,138.55
808,684.44,0
809,858.66,0
810,2134.78,1533.74
811,706.68,0
812,996.51,1201.92
813,1637.87,0
814,1043.12,2275.31
815,1021.31,1330.86
816,0,699.23
817,1278.53,1571.92
818,129.01,1712.33
819,1281.78,1793.72
820,880.18,1027.98
821,1942.42,917.62
822,294.71,1622.06
823,1235.23,1640.13
824,554.12,423.01
825,490.52,728.6
826,13.47,0
827,897.22,2186.34
828,543.42,0
829,468.78,0
830,988.94,286.52
831,669.26,309.41
832,399.92,0
833,1405.81,0
834,256.58,0
835,1180.09,0
836,1250.25,876.62
837,1509.19,183.39
838,531.77,0
839,1126.26,1101.16
840,266.45,618.05
841,146.01,1092.7
842,797.66,2145.16
843,466.4,0
844,1753.29,1013.62
845,3195.13,899.73
846,5637.77,732.73
847,0,1257.99
848,1048.1,2032.52
849,2476.95,762.99
850,1127.1,388.95
851,604.29,1409.44
852,572.72,1081.08
853,1384.78,553.1
854,767.82,1100.11
855,993.7,721.18
856,0,2387.72
857,1724.78,2508.13
858,339.21,177.01
859,741.17,168.87
860,903.05,1107.32
861,523.56,713.86
862,0,0
863,870.7,687.76
864,1134.56,0
865,797.19,616.14
866,908.48,136.39
867,629.69,1125.04
868,994.9,1383.07
869,2836.28,629.72
870,1391.44,0
871,1495.19,0
872,2967.23,2625.77
873,1432.94,324.57
874,1182.84,1048.07
875,1883.24,2807.67
876,1234.31,0
877,517.9,965.25
878,267.12,0
879,525.76,0
880,1277.69,736.17
881,55.47,383.43
882,845.56,2267.57
883,551.37,1021.87
884,810.18,653.17
885,626.66,658.04
886,1310.72,354.61
887,692.04,2418.11
888,508.5,676.44
889,766.55,795.54
890,541.41,1189.06
891,121.6,756.72
892,161.93,1209.74
893,934.52,742.39
894,737.21,1160.09
895,482.78,0
896,1403.16,431.65
897,1916.28,349.53
898,1056.57,0
899,1375.14,173.19
900,931.97,1173.56
901,648.67,463.25
902,823.23,1012.15
903,663.13,873.17
904,959.31,872.41
905,679.25,0
906,661.44,1760.98
907,108.64,1736.11
908,1185.89,227.74
909,1408.61,1703.58
910,2387.95,717.07
911,232.07,0
912,457.01,991.43
913,890.47,5034.16
914,309.41,448.75
915,1174.72,1057.81
916,1130.58,412.88
917,182.4,1094.61
918,866.55,987.35
919,670.8,584.34
920,1027.39,3435.74
921,1104.77,2119.9
922,1600.35,1988.74
923,1787.98,1008.67
924,936.86,0
925,458.93,391.7
926,1011.32,0
927,0,1270.4
928,0,724.49
929,2710.37,201.29
930,2885.57,674.67
931,0,438.12
932,1704.87,131.42
933,588.41,106.21
934,818.47,1271.25
935,3142.42,0
936,3105.9,557.62
937,2674.57,661.49
938,384.08,0
939,554.06,338.62
940,1096.35,1061.8
941,1118.78,360.84
942,2727.72,1702.96
943,666.78,570.47
944,1525.45,1457.73
945,280.21,229.36
946,88.45,2804.26
947,981.38,484.53
948,1560.27,461.81
949,1700.25,1284.73
950,993.34,658.33
951,600,0
952,0,603.9
953,2684.23,1243.78
954,1643.49,1034.72
955,1268.96,1037.22
956,1158.99,563.7
957,87.46,1195.46
958,3801.89,775.19
959,2863.1,113.15
960,2253.74,987.14
961,3117.73,6319.2
962,2447.54,900.09
963,995.52,1302.93
964,351.49,488.76
965,0,402.01
966,1630.5,1157.18
967,1630.06,407.17
968,1030.78,467.03
969,1668.14,809.83
970,1111.98,686.11
971,1223.67,1855.9
972,1037.4,1194.96
973,953.55,0
974,612.98,372.56
975,788.76,3519.08
976,3169.57,2932.33
977,901.95,2292.66
978,1186.09,1851.25
979,2114.08,0
980,1325.67,2845.4
981,1199.72,1265.85
982,1190.88,821.31
983,0,543.83
984,641.5,1384.48
985,698.48,426.8
986,1921.49,0
987,2227.17,0
988,1171.88,328.39
989,1866.06,0
990,1023.35,3012.05
991,2511.54,0
992,1452.93,709.72
993,1799.37,598.09
994,2410.12,0
995,1042.31,1628.22
996,851.79,228.15
997,2512.56,766.28
998,358.07,535.91
999,810.44,318.67
1000,2901.92,613.31
1001,295.16,0
1002,534.47,445.63
1003,0,969.93
1004,0,99.32
1005,3269.31,599.16
1006,772.3,335.97
1007,1685.43,2743.33
1008,1817.88,2873.23
1009,2713.16,1294.35
1010,2498.83,216.64
1011,1779.53,759.37
1012,572.15,1431.01
1013,573.39,1136.23
1014,0,1738.44
1015,1340.2,0
1016,777.36,0
1017,1502.81,205.4
1018,1094.32,600.94
1019,277.28,419.21
1020,862.68,2669.16
1021,1066.88,0
1022,1332.97,573.07
1023,0,3755.55
1024,1145.48,2033.27
1025,0,2361.83
1026,2059.69,0
1027,1904.79,199.28
1028,1274.53,427.35
1029,0,1397.82
1030,622.28,836.17
1031,0,888.28
1032,0,809.06
1033,1764.99,1427.5
1034,919.12,1489.41
1035,450.46,660.94
1036,3011.01,1510.7
1037,1443.7,1256.18
1038,2350.93,461.27
1039,1722.53,1485.8
1040,1176.85,873.2
1041,172.19,309.21
1042,1518.68,1114.83
1043,910.05,602.05
1044,3815.07,1136.61
1045,311.92,3030.3
1046,968.64,0
1047,0,1931.99
1048,0,801.2
1049,779.27,727.63
1050,248.76,1606.86
1051,422.65,1298.05
1052,1439.65,3008.65
1053,1244.01,0
1054,1401.63,0
1055,1384.82,0
1056,1051.01,3579.61
1057,1286.36,3211.73
1058,362.2,1240
1059,233.1,3892.31
1060,687.6,2139.8
1061,21.1,669.28
1062,0,659.41
1063,0,678.01
1064,0,1612.38
1065,1131.15,1126.71
1066,0,1002.2
1067,939.26,1306.01
1068,1449.28,1095.88
1069,1581.46,977.07
1070,699.38,1508.91
1071,553.81,1602.35
1072,16.03,1418.44
1073,1425.55,0
1074,465.55,438.17
1075,755.61,1469.82
1076,1194.39,1733.8
1077,1031.16,761.08
1078,1965.11,517.22
1079,1018.8,335.12
1080,424.9,0
1081,158.96,2506.05
1082,1717.08,1776.94
1083,63.73,1070.66
1084,2162.27,1878.52
1085,725.89,1256.86
1086,3980.1,1301.99
1087,0,1125.07
1088,354.77,2598.08
1089,465.38,928.51
1090,0,373.58
1091,1059.58,95.01
1092,524.2,599.81
1093,1743.09,1458.42
1094,748.56,0
1095,1021.84,0
1096,890.38,468.7
1097,883.39,1052.07
1098,3225.81,314.6
1099,2777.78,664.65
1100,258.13,0
1101,1378.36,878.81
1102,675.68,901.71
1103,0,342.31
1104,3448.28,451.47
1105,3061.58,2260.22
1106,929.48,2668.42
1107,0,1109
1108,2677.38,0
1109,495.45,2364.07
1110,668.49,341.57
1111,275.48,1151.41
1112,852.15,0
1113,2753.65,573.32
1114,119.62,1984.9
1115,0,1219.51
1116,137.29,450.18
1117,578.49,1765.23
1118,346.86,0
1119,887.19,2032.98
1120,707.51,545.71
1121,945.1,730.48
1122,1589.19,511.8
1123,0,1684.35
1124,0,971.75
1125,477.78,1613.78
1126,947.64,1378.23
1127,0,1469.46
1128,0,1366.2
1129,0,1217.22
1130,392,2420.36
1131,1773.66,1910.92
1132,220.41,1162.74
1133,530.71,1651.53
1134,861.53,756.57
1135,257.48,0
1136,0,596.66
1137,378.89,720.98
1138,0,833.33
1139,0,1460.92
1140,0,2164.5
1141,0,12084.59
1142,1048.22,197.45
1143,0,906.69
1144,0,2018.26
1145,1488.1,782.09
1146,532.23,544.51
1147,171.7,0
1148,750.64,0
1149,1203.47,1830.25
1150,765.84,355.72
1151,0,159.97
1152,1512.51,1080.11
1153,1213.91,238.55
1154,1329.88,802.31
1155,1425.18,1373.07
1156,1671.23,1148.15
1157,2641.31,0
1158,1321,0
1159,1443.97,4123.71
1160,1179.36,0
1161,119.02,1290.32
1162,457.88,1800.54
1163,1324.65,1322.46
1164,1903.84,872.44
1165,3388.31,735.65
1166,1967.97,398.23
1167,998.25,1220.73
1168,1096.21,1004.6
1169,1809.6,1085.02
1170,869.2,1302.42
1171,1852.14,421.44
1172,587.2,516.71
1173,639.59,349.07
1174,396.2,589.56
1175,345.18,1969.47
1176,2986.01,1635.93
1177,1129.94,1264.36
1178,0,854.26
1179,0,396.05
1180,0,415.37
1181,742.19,501.36
1182,326.89,1943.26
1183,629.56,532.65
1184,675.1,1689.57
1185,0,748.41
1186,1627.01,3164.56
1187,1102.54,199
1188,1497.6,2256.27
1189,1969.28,5376.34
1190,1912.65,2461.3
1191,2014.21,0
1192,0,446.1
1193,0,1479.49
1194,397.34,2913.09
1195,2566.55,2845.84
1196,0,0
1197,1859.36,1055.04
1198,916.52,113.18
1199,1663.14,123.57
1200,1904.89,992.82
1201,1229.11,274.27
1202,788.02,338.07
1203,1080.91,294.99
1204,412.3,857.94
1205,317.32,280.92
1206,1626.97,311.82
1207,1262.63,654.77
1208,4058.42,659.71
1209,0,411.93
1210,841.09,1007.14
1211,1194.3,1658.09
1212,0,1096.94
1213,552.79,733.34
1214,96.74,1175.3
1215,0,1615.97
1216,3488.98,544.17
1217,0,437.06
1218,212.22,600.96
1219,2450.98,606.92
1220,0,1261.67
1221,214.47,1486.33
1222,1227.27,966.18
1223,565.93,0
1224,1785.98,0
1225,1642.6,0
1226,0,0
1227,354.62,1536.1
1228,2864.87,2092.74
1229,1249.58,2336.27
1230,1788.3,850.24
1231,1688.26,0
1232,2624.22,739.58
1233,1152.41,415.8
1234,397.09,3833.08
1235,1025.8,1953.91
1236,774.61,2317.94
1237,567.13,1580.33
1238,1063.18,777.03
1239,1374,231.27
1240,0,1179.88
1241,212.68,224.71
1242,0,783.22
1243,865.8,1455.6
1244,2012.07,0
1245,298.28,1595.65
1246,569.8,1347.2
1247,204.02,3390.35
1248,501.04,2130.66
1249,158.92,2153.63
1250,612.08,890.76
1251,440.93,801.86
1252,696.22,849.28
1253,977.55,579.04
1254,632.76,887.88
1255,916.67,0
1256,1008.79,894.32
1257,1648.38,1905.97
1258,1653.73,1429.25
1259,1440.21,1828.22
1260,996.99,1212.76
1261,1400.03,842.46
1262,0,0
1263,777.91,962.93
1264,1053.74,820.01
1265,673.72,1471.61
1266,1294.48,347.46
1267,1059.24,236.69
1268,1037.47,2007.56
1269,0,2863.69
1270,675.13,1127.18
1271,0,239.95
1272,2781.64,1389.25
1273,1262.67,1878.2
1274,326.66,1285
1275,2628.21,861.08
1276,1000.4,811.95
1277,1271.59,2107.16
1278,1026.59,160.08
1279,0,2302.16
1280,322.75,616.33
1281,854.51,869.9
1282,882.31,908.21
1283,992.89,852.88
1284,1378.36,1096.49
1285,3870.2,643.29
1286,895.46,2094.68
1287,2288,854.79
1288,4431.16,3304.12
1289,3483.47,912.96
1290,540.1,1310.62
1291,1402.09,1507.16
1292,1830.22,986.65
1293,1675.88,1972.48
1294,1400.63,0
1295,4169.06,0
1296,1542.78,0
1297,661.97,690.18
1298,922.6,153.02
1299,0,1542.02
1300,651.57,1272.26
1301,1514.74,0
1302,675.93,69.33
1303,1274.38,0
1304,1680.71,0
1305,1756.82,0
1306,204.43,0
1307,443.65,0
1308,755.81,0
1309,907.28,233.15
1310,384.69,0
1311,208.59,0
1312,1672.47,0
1313,917.71,0
1314,1227.3,0
1315,726.22,0
1316,0,0
1317,2033.34,0
1318,1750.36,2985.07
1319,196.14,0
1320,732.6,0
1321,3292.18,0
1322,1407.13,0
1323,769.23,0
1324,870.32,0
1325,0,0
1326,451.26,0
1327,0,0
1328,642.4,0
1329,821.47,1430.62
1330,1386.07,2280.5
1331,744.52,0
1332,0,0
1333,100.74,0
1334,920.25,0
1335,0,0
1336,1012.36,0
1337,743.26,0
1338,1082.75,0
1339,1285.65,0
1340,721.24,0
1341,1081.77,0
1342,282.33,0
1343,0,0
1344,1503.76,0
1345,0,0
1346,291.54,0
1347,419.99,0
1348,308.75,0
1349,530.29,0
1350,303.39,0
1351,217.11,0
1352,4004.34,0
1353,1563.72,0
1354,308.07,0
1355,0,0
1356,748.88,0
1357,769.53,0
1358,561.54,0
1359,0,0
1360,367.1,0
1361,1474.11,0
1362,0,0
1363,0,842.7
1364,96.48,227.17
1365,0,1733.67
1366,1296.01,987.17
1367,1359.93,1984.13
1368,1144.47,231
1369,388.55,1440.32
1370,1241.69,0
1371,1028.38,3436.43
1372,704.32,1583.99
1373,542.74,1071.92
1374,807.75,2007.38
1375,450.86,716.18
1376,1111.15,1960.87
1377,2696.46,199.48
1378,1330.23,0
1379,3269.33,661.88
1380,7.26,0
1381,0,645.16
1382,184.6,1482.21
1383,2667.6,802.84
1384,496.24,1506.59
1385,410.87,780.88
1386,0,1870.69
1387,0,1723.37
1388,941.49,813.58
1389,134.09,1351.91
1390,317.49,1075.29
1391,354.01,1070.33
1392,774.59,1120.32
1393,421.69,1883.01
1394,0,3614.62
1395,266.81,1480.9
1396,0,1360
1397,148.61,1751.41
1398,79.9,1270.17
1399,407.96,1457.08
1400,1213.46,2175.26
1401,1377.67,114.26
1402,1494.4,9317.33
1403,1075.45,1231.53
1404,1100.75,1605.73
1405,1417.34,588.32
1406,3931.4,1767.05
1407,472.33,849.55
1408,1665.28,1548.42
1409,883.32,820.08
1410,1388.39,523.42
1411,0,431.41
1412,4106.28,1248.33
1413,1596.71,752.03
1414,747.66,502.81
1415,1353.54,730.55
1416,692.24,1349.83
1417,152.41,465.62
1418,1991.2,2354.67
1419,0,1408
1420,281.33,428.66
1421,1592.36,1067.94
1422,992.06,1232.94
1423,2703.26,1395.67
1424,114.73,480.54
1425,3187.12,236.27
1426,1207.36,556.64
1427,1462.17,1759.41
1428,451.06,2567.65
1429,1025.9,2730.28
1430,1692.05,2263.38
1431,0,7011.39
1432,1193.13,2642.25
1433,1286.81,2698.9
1434,1913.27,425.77
1435,0,2828.37
1436,631.21,2377.84
1437,1303.5,969.83
1438,1305.63,622.79
1439,3100.22,1827.78
1440,2678.17,2940.18
1441,686.89,319.2
1442,576.37,0
1443,1415.93,0
1444,0,0
1445,420.43,1706.48
1446,543.54,0
1447,414.32,1264.02
1448,698.81,2130.68
1449,659.85,466.06
1450,360.36,1190.48
1451,582.86,0
1452,586.92,844.06
1453,602.22,1557.49
1454,0,1037.42
1455,519.19,1126.13
1456,710.23,1095.58
1457,5952.38,786.43
1458,662.95,0
1459,55.64,1165.92
1460,844.95,2103.05
1461,51.05,1420.53
1462,210.22,1152.75
1463,250.16,1476.21
1464,181.16,1250
1465,1776.8,1451.21
1466,174.86,3880.44
1467,0,984.47
1468,459.56,1239.99
1469,0,894.45
1470,802.29,587.15
1471,702,618.62
1472,1637.73,0
1473,657.4,2282.63
1474,660.57,1537.28
1475,530.93,4958.05
1476,63.82,317.76
1477,1926.72,786.78
1478,1055.67,194.01
1479,602.68,894.3
1480,896.92,2520.71
1481,1354.22,917.1
1482,1531.91,2281.49
1483,2386.4,1174.1
1484,1543.25,365.96
1485,2301.99,1227.5
1486,782.88,0
1487,1516.34,2113.05
1488,3487.67,467.22
1489,613.12,1207.03
1490,1666.07,224.46
1491,590.32,606.27
1492,1426.02,1063.41
1493,603.77,1068.01
1494,348.56,0
1495,1049.65,0
1496,837.05,0
1497,2020.57,1444.95
1498,854.91,1316.17
1499,1844.62,797.52
1500,2279.91,911.83
1501,859.53,1092.73
1502,604.76,1695.07
1503,1529.51,922.8
1504,1499.9,741.63
1505,1096.17,556.96
1506,920.08,981.51
1507,2158.1,1062.13
1508,2495.52,1086.2
1509,2364.07,491.55
1510,1713,1303.07
1511,694.73,324.82
1512,1789.73,114.43
1513,1898.23,761.77
1514,534.5,542.59
1515,0,669.29
1516,0,1379.31
1517,1492.73,0
1518,1482.36,0
1519,2039.99,0
1520,1040.76,0
1521,1099.06,0
1522,500.43,0
1523,1094.96,0
1524,535.5,0
1525,0,0
1526,567.67,0
1527,1511.51,1360.89
1528,2078.53,0
1529,1465.72,0
1530,942.86,474.91
1531,2172.4,1746.48
1532,0,0
1533,603.24,357.96
1534,0,0
1535,688.29,0
1536,444.31,1822.25
1537,1058.47,1131.44
1538,0,1038.84
1539,0,2044.99
1540,796.84,2185.94
1541,385.13,490.62
1542,572.18,2207.21
1543,3091.67,472.37
1544,1567.5,1905.44
1545,424.85,2614
1546,841.83,446.58
1547,588.17,696.71
1548,614.95,1350.63
1549,517.04,2204.59
1550,825.99,1122.55
1551,620.48,0
1552,1013.99,2010.5
1553,1150.75,2128.85
1554,442.11,385.65
1555,570.43,1030.81
1556,3999.08,2641.76
1557,1494.29,892.86
1558,2034.12,2904.21
1559,2233.47,0
1560,1463.16,94.97
1561,1582.74,0
1562,764.33,13.58
1563,1307.5,425.53
1564,451.6,2293.58
1565,1008.12,1008.17
1566,79.66,1373.73
1567,1389.52,53.22
1568,1688.76,210.54
1569,93.82,493.95
1570,949.51,146.99
1571,743.25,1340.33
1572,2051.02,265.53
1573,1009.94,0
1574,1543.74,3283.7
1575,1259.92,0
1576,2090.57,0
1577,1309.76,0
1578,1178.11,430.29
1579,2041.51,0
1580,0,369.73
1581,1079,450.18
1582,1012.17,1635.81
1583,2127.03,3302.15
1584,2767.19,2093.22
1585,1452.48,7881.28
1586,461.43,1716.5
1587,0,172.55
1588,350.34,150.78
1589,789.03,63.03
1590,1680.78,0
1591,1358.83,0
1592,1581.25,2183.88
1593,1591.01,1115.75
1594,1539.9,1082.45
1595,1425.7,2049.18
1596,1194.6,897.41
1597,726.68,270.79
1598,1381.22,3453.71
1599,1607.86,2037.85
1600,0,358.49
1601,1453.19,575.39
1602,1643.39,1388.35
1603,0,1079.26
1604,134.21,1804.35
1605,4644.81,1130.19
1606,2383.98,395.66
1607,560.22,0
1608,835.42,405.85
1609,849.01,1753.39
1610,1064.76,1484.61
1611,0,1585.69
1612,0,1032.24
1613,1161.81,948.08
1614,318.73,2281.89
1615,304.88,1240.47
1616,1864.01,2534.74
1617,1910.83,734.65
1618,1010.63,1430.06
1619,528.57,1024.94
1620,1858.36,1308.22
1621,775.58,0
1622,11125.35,1769.06
1623,309.69,1159.64
1624,2371.12,1075.08
1625,347.39,383.44
1626,853.97,1952.79
1627,1116.9,1542.97
1628,56.38,2184.53
1629,659.66,1226.99
1630,941.69,1861.5
1631,1930.37,1357.2
1632,406.17,3334.95
1633,690.25,1119.34
1634,248.11,813.01
1635,1090.07,912.41
1636,1326.28,1307.46
1637,722.86,816.99
1638,1600.23,3734.56
1639,651.37,0
1640,4480.06,1863.84
1641,3421.79,3685.85
1642,2018.16,745.02
1643,304.4,1003.61
1644,414.73,1277.55
1645,0,612.56
1646,2007.67,1887.15
1647,3048.91,1905.05
1648,319,523.01
1649,2068.35,2279.46
1650,2691.85,4175.37
1651,2669.77,0
1652,935.36,110.96
1653,1577.76,980.15
1654,643.06,809.33
1655,606.61,1660.87
1656,2278.15,3167.06
1657,1159.05,1979.08
1658,928.42,916.8
1659,2804.03,460.43
1660,737.33,2447.38
1661,1219.51,352.11
1662,8620.69,892.68
1663,5689.9,1073.83
1664,1037.34,1750.29
1665,6369.43,1056.08
1666,122.9,547.95
1667,1396.4,484.73
1668,777.24,112.61
1669,1114.94,590.15
1670,1478.42,1806.01
1671,1888.22,1803.22
1672,270.93,674.51
1673,294.81,957.82
1674,293.19,1083.3
1675,1274.48,1092.22
1676,0,0
1677,332.74,1077.05
1678,0,255.98
1679,129.28,0
1680,0,1912.44
1681,1410.5,2536.18
1682,851.2,0
1683,1091.26,190.78
1684,1369.11,577.62
1685,377.2,0
1686,569.96,1463.52
1687,559.6,364.03
1688,4116.17,0
1689,409.5,0
1690,1053.23,0
1691,1766.06,3412.62
1692,565.66,3233.43
1693,0,1798.56
1694,1253.88,1304.46
1695,1251.76,826.87
1696,5577.01,949.31
1697,1861.66,347.8
1698,1417.77,960.49
1699,136.39,1400.79
1700,549,695.8
1701,894.61,2741.46
1702,784.52,779.18
1703,1666.55,0
1704,1095.29,1422.74
1705,0,1950.59
1706,969.97,521.92
1707,335.06,941.49
1708,2391.24,815.01
1709,392.31,1245.28
1710,223.83,1540.44
1711,287.91,2258.7
1712,2343.14,789.1
1713,2493.39,4973.77
1714,2927.94,2107.75
1715,2485.31,1284.91
1716,499.86,0
1717,953.29,0
1718,940.62,701.51
1719,197.19,943.32
1720,285.61,1408.02
1721,1827.71,278.09
1722,0,697.27
1723,831.35,1894.32
1724,2272.73,619.2
1725,631.84,2200.54
1726,1016.11,2085.2
1727,1350.62,3066.7
1728,1117.99,0
1729,868.16,1384.87
1730,1013.97,9032.26
1731,0,624.38
1732,1221.68,279.84
1733,150.06,1609.01
1734,0,4494.38
1735,577.13,2429.64
1736,1769.69,2296.21
1737,832.18,2019.52
1738,1304.74,1677.69
1739,1406.47,671.61
1740,311.69,782.52
1741,2102.2,1221.44
1742,1155.82,1582.28
1743,536.19,0
1744,1229.66,552.54
1745,3677.12,1551.35
1746,1191.91,2953.2
1747,312.13,1710.31
1748,640.37,2137.89
1749,455.24,1076.43
1750,987.47,2285.9
1751,879.12,1795.13
1752,224.1,993.05
1753,1374.79,0
1754,856.9,585.99
1755,2633.47,0
1756,883.84,0
1757,1362.99,557.97
1758,452.19,2000.57
1759,1199.66,1906.94
1760,1525.58,1899.83
1761,655.2,1911.71
1762,1342.79,1219.51
1763,1422.2,2291.63
1764,1888.57,602.92
1765,485.2,980.39
1766,699.13,938.63
1767,993.87,1877.8
1768,597.67,424.94
1769,950.86,4637.21
1770,404.67,2609.38
1771,0,1727.62
1772,2129.17,0
1773,1724.58,0
1774,2053.75,0
1775,855.19,2291.56
1776,1176.1,1257.32
1777,943.72,512.82
1778,963.57,1269.04
1779,1948.26,1234.57
1780,715.31,0
1781,945.88,381.8
1782,695.29,1046.89
1783,1676.13,242.42
1784,0,1281.3
1785,0,833.75
1786,709.47,1311.96
1787,825.08,1016.07
1788,251.26,885.4
1789,2192.98,4527.61
1790,0,1508.73
1791,4739.34,1660.1
1792,251.82,1056.25
1793,0,1133.36
1794,921.42,0
1795,0,0
1796,588,240.93
1797,1319.29,0
1798,1102.61,0
1799,2845.15,0
1800,1041.87,1353.09
1801,624.06,0
1802,1234.98,0
1803,1106.87,1262.17
1804,437.92,1486.13
1805,1552.49,683.87
1806,1400.71,311.88
1807,936.62,934.29
1808,1370.86,2996.12
1809,1160.15,1942.22
1810,593.77,166.92
1811,1833.69,316.36
1812,770.54,1983
1813,0,597.09
1814,923.65,612.56
1815,990.75,2329.13
1816,993.3,2303.01
1817,0,5900.18
1818,1254.12,2711.34
1819,510.74,3090.28
1820,500,1618.81
1821,1086.76,645.57
1822,1565.02,1283.16
1823,239.75,746.49
1824,1423.83,391.74
1825,1465.97,608.79
1826,889.15,792.56
1827,2082.26,1067.76
1828,983.57,760.05
1829,104.43,1053.8
1830,1506.89,977.81
1831,972.73,1062.53
1832,2560.5,1145.42
1833,268.24,820.94
1834,1171.01,1015.4
1835,623.54,0
1836,766.39,522.58
1837,1924.76,0
1838,1619.63,0
1839,1006.07,0
1840,1235.91,0
1841,590.34,1320.66
1842,3099.55,1386.32
1843,809.55,2011.17
1844,781.7,0
1845,1515.73,0
1846,2523.37,1850.38
1847,1949.95,3279.76
1848,2317.62,3626.47
1849,1358.75,1309.9
1850,2051.25,1756.17
1851,2030.02,965.25
1852,1646.72,536.14
1853,1589.49,656.22
1854,1646.09,997.67
1855,2176.8,1589.61
1856,345.07,1164.48
1857,914.63,3391.75
1858,928.16,1815.14
1859,192.6,1405.34
1860,0,0
1861,1431.64,710.23
1862,4843.83,519.4
1863,2198.1,1722.69
1864,1223.03,810.23
1865,748.62,1112.83
1866,1720.68,1483.71
1867,1468.96,805.8
1868,133.65,1071.05
1869,1030.58,484.18
1870,153.37,246.18
1871,1605.21,565.93
1872,591.89,1230.62
1873,1411.62,906
1874,2561.18,714.97
1875,859.39,1387.28
1876,356.52,827.13
1877,91.38,2470.15
1878,131.65,889.48
1879,1047.58,1102.13
1880,0,985.8
1881,1027.09,0
1882,0,1269.04
1883,908.08,1329.88
1884,0,762.92
1885,512.16,0
1886,797.61,451.26
1887,1516.41,603.99
1888,996.55,1557.85
1889,1475.58,506.76
1890,1251.51,828.16
1891,747.61,0
1892,1117.18,1950.44
1893,807.75,327.23
1894,1323.87,0
1895,1903.25,736.07
1896,1125.29,1618
1897,1634.53,788.26
1898,0,1734.52
1899,1567.4,799.62
1900,348.11,865.3
1901,928.05,4297.99
1902,865.37,308.49
1903,562.25,1797.97
1904,0,547.77
1905,310.75,1007.9
1906,289.24,0
1907,172.83,546.6
1908,384.53,607.66
1909,1257.15,651.04
1910,0,527.6
1911,831.72,2184
1912,1517.84,437.72
1913,423.38,605.69
1914,333.33,0
1915,110.94,1210.1
1916,289.73,630.36
1917,1165.54,1349.39
1918,0,535.76
1919,998.81,405.41
1920,1229.25,0
1921,1008.26,3292.55
1922,1409.95,2271.99
1923,1287.53,1779.54
1924,1159.42,740.01
1925,3094.93,471.99
1926,0,1532.19
1927,1278.91,4503.62
1928,3747.87,955.61
1929,909.02,289.93
1930,517.09,179.8
1931,1906.3,0
1932,1517.24,30.66
1933,1577.91,260.1
1934,1643.61,523.6
1935,562.75,584.43
1936,1262.63,199.72
1937,0,0
1938,1669.45,466.98
1939,939.55,232.45
1940,0,369.9
1941,1096.64,1694.68
1942,2565.37,2576.43
1943,1547.3,2768.11
1944,1544.5,5357.57
1945,0,1258.02
1946,2138.65,2772.79
1947,1733.1,1165.97
1948,1047.02,1394.27
1949,1713.67,771.17
1950,2064.37,1477.65
1951,2406.21,794.68
1952,0,2166.85
1953,575.11,1363.11
1954,191.72,423.59
1955,806.53,2745.24
1956,1393.87,1018.53
1957,3646.97,6024.1
1958,474.13,0
1959,752.45,469.29
1960,1293.62,470.23
1961,433.85,0
1962,464.76,5000
1963,3046.84,2634.83
1964,3089.46,0
1965,3213.13,125.35
1966,5541.33,250.75
1967,833.17,1143.02
1968,709.14,1982.08
1969,1421.24,4178.13
1970,0,1857.8
1971,0,1668.65
1972,1904.36,1282.94
1973,0,1824.03
1974,1710.24,2046.85
1975,3089.99,1002.27
1976,410.35,3200.39
1977,183.91,1741.67
1978,0,891.27
1979,1331.5,0
1980,1473.18,236.01
1981,0,500.08
1982,1224.63,0
1983,271.67,661.98
1984,917.43,0
1985,1054.78,283.86
1986,1164.14,0
1987,116.17,181.44
1988,1501.69,0
1989,1078.52,1601.87
1990,797.24,675.39
1991,891.73,212.27
1992,446.03,124.05
1993,363.37,1821.49
1994,757.68,660.5
1995,841.4,1379.12
1996,1021.28,4240.28
1997,391.85,269.18
1998,1409.11,376.94
1999,2270.15,2844.09
2000,617.06,1729.36
2001,1290.22,2283.11
2002,451.59,4098.36
2003,0,0
2004,2465.96,0
2005,1112.97,304.14
2006,771.75,375.8
2007,3246.75,0
2008,1479.29,0
2009,0,35.09
2010,1248.44,10.75
2011,1336.02,0
2012,246.95,319.95
2013,2279.68,168.31
2014,0,0
2015,0,146.58
2016,2065.84,542.31
2017,1288.53,1562.99
2018,0,3236.9
2019,570.71,0
2020,251.76,0
2021,1248.44,43.02
2022,192.79,595.07
2023,1191.95,319.39
2024,588.53,744.74
2025,179.69,252.08
2026,1232.13,128.36
2027,1410.19,252.78
2028,292.44,734.43
2029,451.04,1023.4
2030,272.41,543.97
2031,413.52,1245.5
2032,723.83,1790.54
2033,703.67,2103.33
2034,707.05,0
2035,270.14,1061.57
2036,785.94,1123
2037,138.14,1864.99
2038,0,0
2039,676.02,559.4
2040,676.43,474.87
2041,686.11,2839.01
2042,0,1840.7
2043,219.03,423.37
2044,268.96,246.79
2045,1751.83,1448.08
2046,1791.28,2349.72
2047,462.83,0
2048,2418.02,0
2049,252.61,2678.09
2050,379.18,1654.49
2051,1329.71,302.57
2052,1437.77,2330.43
2053,517.96,1920.95
2054,425.48,1679.2
2055,0,2402.33
2056,51.27,0
2057,1892.35,4448.61
2058,832.64,6739.03
2059,1295.34,662.11
2060,364.33,951.53
2061,838.53,901.85
2062,1499.89,561.15
2063,772.36,470.37
2064,3817.83,2169.99
2065,311.94,157.68
2066,782.48,823.5
2067,0,809.76
2068,419.09,744.94
2069,565.94,1307.31
2070,0,1888.65
2071,1517.94,1613.07
2072,0,2611.7
2073,1346.7,1699.01
2074,1204.22,1962.95
2075,0,190.55
2076,1605.78,756.28
2077,1421.08,958
2078,906.45,523.91
2079,1385.48,647.67
2080,1759.01,1487.21
2081,1104.58,264.45
2082,953.25,884.56
2083,0,0
2084,886.52,235.27
2085,1455.37,827.39
2086,1842.41,0
2087,1750.9,1874.67
2088,840.17,1209.75
2089,1119.82,3249.08
2090,0,1727.31
2091,0,405.21
2092,0,535.05
2093,0,611.75
2094,0,1189.46
2095,0,0
2096,1276.32,831.43
2097,0,471.25
2098,2830.86,0
2099,0,751.05
2100,0,483.79
2101,0,476.72
2102,1300.39,790.27
2103,0,896.99
2104,630.52,636.2
2105,1358.7,1321.91
2106,0,1132.32
2107,0,1278.36
2108,0,1430.91
2109,0,330.23
2110,0,1187.3
2111,0,1353.18
2112,0,0
2113,0,1825.65
2114,0,1431.3
2115,0,2123.89
2116,0,378.79
2117,0,1142.49
2118,0,747.05
2119,0,4719.21
2120,0,1532.32
2121,0,1595.5
2122,0,545.91
2123,0,871.45
2124,0,337.87
2125,0,2038.94
2126,0,0
2127,0,2371.07
2128,0,1713.31
2129,0,1328.36
2130,0,0
2131,0,1652.12
2132,0,1320.33
2133,0,773.4
2134,0,493.46
2135,696.38,1407.35
2136,0,730.06
2137,0,0
2138,0,1780.53
2139,0,4071.94
2140,0,253.06
2141,0,1078.53
2142,0,1159.85
2143,0,0
2144,0,0
2145,0,87.18
2146,0,15.66
2147,0,1844.17
2148,0,4106.48
2149,0,3427.59
2150,0,488.26
2151,0,1442.11
2152,0,0
2153,0,1287.73
2154,0,195.6
2155,0,1043.02
2156,0,1786.87
2157,0,1227.5
2158,0,2013.76
2159,0,2061.15
2160,0,0
2161,0,1213.12
2162,0,1772.57
2163,0,3161.22
2164,0,1181.37
2165,0,2576.08
2166,0,2024.83
2167,0,935.45
2168,0,1966.68
2169,0,1160.48
2170,0,829.53
2171,0,731
2172,0,1172.08
2173,0,1318.22
2174,0,1326.04
2175,0,652.9
2176,0,234.15
2177,0,1519.67
2178,0,2245
2179,0,2903.18
2180,0,1955.96
2181,0,356.67
2182,0,967.95
2183,0,2434.31
2184,0,0
2185,0,1796.41
2186,0,0
2187,0,999.64
2188,0,1330.87
2189,0,1793.72
2190,0,2125.73
2191,0,855.61
2192,0,1032.66
2193,0,1651.98
2194,0,1314.06
2195,0,1072.27
2196,0,981.61
2197,0,669.57
2198,0,1333.46
2199,0,384.87
2200,0,1914.82
2201,0,79.57
2202,0,290.61
2203,0,0
2204,0,2561.76
2205,0,737.03
2206,0,791.69
2207,0,518.1
2208,0,2345.51
2209,0,2173.54
2210,1295.73,1654.05
2211,1606.34,1370.13
2212,1083.2,2172.87
2213,1522.84,0
2214,1163.03,1849.57
2215,1106.68,0
2216,420.7,0
2217,937.83,126.36
2218,881.82,0
2219,3019.45,438.85
2220,1002.3,833.89
2221,467.51,557.43
2222,1362.07,436.87
2223,592.3,895.35
2224,0,756.58
2225,2906.13,717.53
2226,2398.49,1067.92
2227,731.26,1781.7
2228,420.79,1905.97
2229,601.68,1794.99
2230,504.03,0
2231,780.03,1159.76
2232,1253.36,1274.37
2233,836.82,1620.64
2234,753.24,260.28
2235,0,0
2236,360.36,0
2237,0,0
2238,0,405.52
2239,1240.57,1313.5
2240,180.2,1811.72
2241,663.97,862.49
2242,0,0
2243,689.92,3713.09
2244,1920.42,0
2245,955.11,845.45
2246,236.41,1140.25
2247,1770.65,2495.54
2248,0,0
2249,1390.93,986.19
2250,215.98,1203.21
2251,484.26,1233.86
2252,838.22,2916.27
2253,5114.08,574.38
2254,258.13,2101.58
2255,0,203.87
2256,2667.26,1196.38
2257,729.13,1212.12
2258,3267.43,1805.05
2259,1613.77,246.31
2260,0,455.58
2261,0,1420.2
2262,1065.87,608.46
2263,0,1823.87
2264,575.41,1506.59
2265,1341.56,1504.89
2266,2552.97,2077.27
2267,1136.36,1466.98
2268,1049.23,930.68
2269,852.03,1139.06
2270,915.12,1693.38
2271,1499.25,1013.61
2272,838.22,820.68
2273,0,1816.86
2274,0,738.69
2275,1463.41,1990.9
2276,5434.78,678.61
2277,0,584.45
2278,0,519.48
2279,0,233.29
2280,0,1709.77
2281,2735.61,1083.5
2282,1123.37,2783.83
2283,0,0
2284,622.12,5089.06
2285,0,1234.57
2286,106.78,541.13
2287,255.75,1511.28
2288,876.91,594.43
2289,1117.91,1029.65
2290,155.59,3105.59
2291,0,319.08
2292,367.51,1463.41
2293,0,1466.63
2294,379.29,1885.01
2295,0,1278.03
2296,63.77,1748.63
2297,1723.14,0
2298,252.7,1243.78
2299,0,1858.38
2300,1055.97,0
2301,0,1268.03
2302,0,592.6
2303,0,308.73
2304,0,854.46
2305,0,1035.06
2306,774.09,736.53
2307,2611.99,1488.1
2308,1219.51,1443.96
2309,383.11,1044.43
2310,0,2103.52
2311,0,1456.44
2312,3442.31,857.09
2313,1391.3,772.25
2314,1119.12,1833.88
2315,3458.43,637.61
2316,323.01,348.79
2317,375.66,221.73
2318,1208.64,1632.17
2319,1749.27,1394.62
2320,0,846.74
2321,3411.22,490.82
2322,0,657.89
2323,273.45,654.52
2324,578.37,528.4
2325,335.4,913.43
2326,0,3035.88
2327,6756.76,4119.69
2328,1679.26,1967.43
2329,0,2243.5
2330,1917.55,1654.91
2331,1984.62,2561.26
2332,63.05,0
2333,552.4,613.08
2334,187.62,0
2335,835.77,1917.42
2336,193.12,800.87
2337,959.69,1594.6
2338,1965.27,2754.82
2339,252.91,242.22
2340,394.63,2306.1
2341,0,1256.42
2342,1742.16,1795.81
2343,1222.42,1314.49
2344,188.64,2350.93
2345,0,0
2346,1151.68,1432.43
2347,0,1839.59
2348,0,2475.2
2349,995.69,1695.44
2350,845.31,2618.19
2351,484.93,2463.43
2352,5422.95,690.43
2353,1476.97,829.36
2354,910.16,1465.56
2355,407.21,1406.9
2356,0,2180.34
2357,976.51,567.89
2358,1703.69,1051.6
2359,431.31,812.68
2360,529.24,932.57
2361,1171.42,1017.64
2362,0,3273.12
2363,575.48,2086.47
2364,1683.27,1720.87
2365,0,715.87
2366,4419.56,720.41
2367,0,480.37
2368,942.29,926.35
2369,2166.25,0
2370,0,499.75
2371,0,462.36
2372,0,859.48
2373,0,1030.82
2374,0,1120.45
2375,1622.54,166.88
2376,1695.82,950.8
2377,811.62,1330.89
2378,1751.18,426.99
2379,0,1395.35
2380,192.03,2173.84
2381,0,864.44
2382,854.69,535.56
2383,918.35,1569.79
2384,669.39,1462.32
2385,842.98,2141.1
2386,942.4,2463.74
2387,1168.77,612.37
2388,402.43,0
2389,527.84,1137.66
2390,0,585.82
2391,538.87,1259.45
2392,2950.19,987.46
2393,0,4914
2394,0,220.74
2395,646.41,0
2396,425.84,526.87
2397,1317.52,1233.32
2398,1294.99,1255.21
2399,514.14,942.45
2400,402.31,261.14
2401,0,553.4
2402,1538.8,711.29
2403,1082.8,547.76
2404,437.99,972.36
2405,0,460.72
2406,406.45,348.42
2407,1813.81,1901.74
2408,1198.73,1465.68
2409,114.65,3402.46
2410,1023.02,526.21
2411,0,482.1
2412,1446.97,458.32
2413,2062.92,666.77
2414,0,1971.3
2415,0,529.66
2416,0,794.69
2417,339.39,1456.98
2418,0,703.14
2419,4949.75,145.33
2420,1200.48,1311.34
2421,0,970.4
2422,863.51,1756.22
2423,2301.5,2283.11
2424,0,1137.23
2425,3007.52,1258.68
2426,0,922.08
2427,0,0
2428,0,0
2429,0,667.5
2430,931.1,3715.29
2431,1003.87,0
2432,787.15,0
2433,1438.16,2197.8
2434,3419.64,0
2435,549.05,0
2436,2383.08,796.32
2437,811.46,739.16
2438,0,255.12
2439,0,669.17
2440,420.7,505.9
2441,924.7,540.25
2442,2453.99,1901.24
2443,122.07,1271.46
2444,501,1403.4
2445,0,698.16
2446,818.87,1044.99
2447,3078.65,2170.54
2448,737.55,1589.83
2449,2145.5,6458.56
2450,3305.09,720.08
2451,3173.09,1144.01
2452,0,543.67
2453,0,890.5
2454,1075.27,858.37
2455,289.27,191.31
2456,794.23,1174.17
2457,0,1424.91
2458,379.67,755.1
2459,0,740.57
2460,1244.71,704.1
2461,1808.32,1013.47
2462,629.06,454.67
2463,1381.49,0
2464,0,1067.81
2465,1320.31,0
2466,1295.67,787.28
2467,760.46,1502.5
2468,0,0
2469,892.4,502.4
2470,1985.44,670.02
2471,0,558.04
2472,607.53,1086.56
2473,1082.1,983.51
2474,0,2619.28
2475,1055.97,2355.46
2476,0,669.76
2477,0,0
2478,0,1130
2479,0,1118.03
2480,0,0
2481,0,599.52
2482,3484.32,2244.66
2483,741.7,1709.4
2484,1357.88,2233.01
2485,1409.11,1509.12
2486,1490.31,3123.61
2487,1095.29,0
2488,3937.01,0
2489,3051.88,1169.59
2490,2019.32,1661.13
2491,2041.56,1536.1
2492,508.13,0
2493,0,0
2494,1644.44,0
2495,1593.5,1734.61
2496,0,1675.39
2497,1693.06,632.04
2498,260.47,0
2499,257.2,860.62
2500,0,497.53
2501,2184.36,297.71
2502,2382.37,0
2503,1042.54,1101.17
2504,0,997.39
2505,702.74,1893.8
2506,221.93,2033.85
2507,0,1171.97
2508,0,1741.87
2509,0,2905.49
2510,0,241.76
2511,670.78,908.41
2512,1133.31,501.15
2513,324.99,931.23
2514,1412.93,821.24
2515,0,0
2516,1708.04,740.06
2517,1294.67,0
2518,0,250.06
2519,1166.86,1492.9
2520,0,1920.2
2521,4091.17,133.17
2522,0,553.76
2523,2238.14,0
2524,589.1,0
2525,613.37,443.03
2526,0,1310.31
2527,1032.35,1172.49
2528,0,1074.88
2529,0,1084.77
2530,0,913.71
2531,0,0
2532,0,1712.33
2533,0,3429.17
2534,0,829.07
2535,0,1675.04
2536,0,1993.93
2537,0,2234.46
2538,0,0
2539,0,0
2540,0,736.74
2541,0,455.42
2542,0,787.12
2543,0,3898.92
2544,0,1639.49
2545,0,3555.56
2546,0,956.88
2547,0,978.87
2548,322.11,471.35
2549,2702.47,0
2550,0,1342.67
2551,0,1153.95
2552,317.26,785.63
2553,0,0
2554,0,1239.95
2555,0,501.05
2556,0,4058.56
2557,0,2269.27
2558,0,398.15
2559,0,398.06
2560,0,1898.56
2561,1011.12,1558.54
2562,0,250.93
2563,0,0
2564,2482.09,494.15
2565,0,80.71
2566,0,230.36
2567,0,978.91
2568,0,0
2569,0,0
2570,0,805.8
2571,0,802.57
2572,0,325.04
2573,0,408.08
2574,0,465.3
2575,935.89,667.66
2576,1166.97,510.26
2577,734.93,822.53
2578,969.6,0
2579,0,1204.03
2580,0,258.79
2581,0,224.94
2582,0,373
2583,0,593.85
2584,0,725.15
2585,0,627.35
2586,0,1209.24
2587,0,991.08
2588,0,1086.16
2589,893.03,1185.58
2590,747.94,2163.43
2591,909.42,1450.52
2592,0,1698.99
2593,1343.31,196.14
2594,0,1883.83
2595,1012.83,1350.44
2596,1016.26,536.68
2597,727.8,3176.84
2598,1082.92,1379.83
2599,2205.28,543.58
2600,0,2808
2601,0,700.28
2602,1068.54,0
2603,1424.69,1821.49
2604,0,1611.17
2605,425.38,0
2606,617.28,1311.25
2607,1107.67,1413.76
2608,3054.99,1522.07
2609,1006.37,368.81
2610,6907.89,1561.02
2611,902.93,5265.37
2612,1168.93,1658.68
2613,2298.85,5611.46
2614,2243.27,6042.3
2615,431.97,0
2616,41.28,1243.91
2617,403.71,2401.64
2618,0,1525.31
2619,858.43,819.17
2620,0,1797.45
2621,0,1756.39
2622,0,0
2623,0,649.35
2624,0,1755.41
2625,1034.13,734.45
2626,0,2841.85
2627,2476.15,1374.26
2628,651.04,370.85
2629,1737.24,1319.45
2630,729.93,1171.18
2631,334.77,800.64
2632,199.68,1266.99
2633,1885.01,397.61
2634,2770.56,1708.57
2635,1818.72,1304.73
2636,2188.3,173.85
2637,713.28,1022.19
2638,0,625.98
2639,1107.42,606.92
2640,2619.08,422.18
2641,0,1091.85
2642,1606,401.18
2643,400.32,530.79
2644,765.43,338.41
2645,881.45,239.46
2646,365.54,256.44
2647,0,0
2648,157.57,532.48
2649,656.17,1024.34
2650,0,369.74
2651,0,1322.41
2652,1156.94,4405.29
2653,0,4576.66
2654,0,1446.48
2655,890.08,3885
2656,1370.8,758.15
2657,2000,452.65
2658,1172.06,2962.48
2659,1359.62,1148.72
2660,953.74,2408.39
2661,0,331.46
2662,939.85,2807.02
2663,693.72,1278.77
2664,0,510.78
2665,0,1850.01
2666,3440.37,794.75
2667,0,3171.88
2668,0,2431.38
2669,2532.45,2378.22
2670,1228.06,2231.59
2671,661.03,392.25
2672,0,1223.99
2673,0,370.31
2674,0,194.11
2675,0,863.25
2676,0,1646.59
2677,0,1532.67
2678,0,581.91
2679,0,424.81
2680,0,827.41
2681,0,1651.98
2682,0,501.35
2683,0,527.01
2684,0,480.25
2685,0,863.98
2686,0,576.98
2687,0,582.56
2688,0,954.56
2689,0,0
2690,0,432.53
2691,0,554.82
2692,0,717.1
2693,0,3190.81
2694,0,1124.44
2695,0,1785.94
2696,0,700.49
2697,0,1078.23
2698,0,455.73
2699,0,1701.07
2700,0,0
2701,0,714.08
2702,0,674.04
2703,0,674.31
2704,0,1139.43
2705,0,0
2706,0,0
2707,0,704.43
2708,0,1416.43
2709,0,1600.55
2710,0,2234.64
2711,0,869.61
2712,0,586.85
2713,0,1193.14
2714,0,2294.72
2715,0,7.81
2716,0,2606.43
2717,0,2569.18
2718,0,667.22
2719,0,1260.58
2720,0,0
2721,0,599.57
2722,0,527.7
2723,0,1113.34
2724,0,0
2725,0,308.55
2726,0,0
2727,0,0
2728,0,739.64
2729,0,1818.18
2730,904.41,1822.24
2731,0,1694.76
2732,1957.93,902.12
2733,0,1214.97
2734,0,1526.72
2735,0,1592.02
2736,0,591.16
2737,0,364.12
2738,0,661.42
2739,0,863.52
2740,0,532.56
2741,0,1573.5
2742,0,1588.81
2743,0,4442.65
2744,0,632.59
2745,0,105.1
2746,0,889.15
2747,0,706.49
2748,0,628.81
2749,0,181.92
2750,1893.84,148.94
2751,0,0
2752,0,603.2
2753,0,440.24
2754,893.66,875.76
2755,0,971.39
2756,0,434.97
2757,0,854.63
2758,0,427.01
2759,0,2854.42
2760,0,4008.75
2761,0,1400.07
2762,0,1297.69
2763,0,0
2764,0,369.53
2765,0,220.39
2766,0,572.97
2767,0,1308.41
2768,0,604.05
2769,0,958.87
2770,0,122.59
2771,0,2341.75
2772,0,399.6
2773,0,1155.62
2774,0,578.37
2775,0,1920.6
2776,2597.4,3918.61
2777,0,1039.38
2778,0,1502.66
2779,0,2271.34
2780,0,544.84
2781,0,2872.59
2782,0,316.13
2783,0,582.07
2784,0,0
2785,0,0
2786,0,0
2787,0,0
2788,0,406.24
2789,0,627.35
2790,0,1368.54
2791,0,271.52
2792,0,0
2793,748.92,0
2794,0,652.32
2795,1374.1,132.11
2796,4291.85,0
2797,713.79,0
2798,1691.17,0
2799,1242.24,0
2800,0,0
2801,390.32,1692.79
2802,1387.68,1657.06
2803,747.88,1790.47
2804,752.23,2024.29
2805,897.87,708.2
2806,848.47,3006.61
2807,0,755.01
2808,0,1222.12
2809,493.58,357.92
2810,610.65,0
2811,1147.83,141.05
2812,5917.16,753.13
2813,5945.3,420.27
2814,5959.48,563.38
2815,1336.64,539.87
2816,425.05,1637.04
2817,0,1708.31
2818,445.83,0
2819,449.64,2936.86
2820,1615.51,677.73
2821,3194.89,2134.59
2822,1613.42,890.11
2823,623.16,1715.63
2824,656.6,1042.03
2825,1556.66,1213.01
2826,0,0
2827,0,784.01
2828,0,3100.24
2829,0,49.59
2830,0,668.13
2831,1779.36,91.28
2832,0,162.01
2833,0,957.85
2834,0,1889.88
2835,0,1321.55
2836,0,1181.42
2837,0,302.48
2838,0,1646.03
2839,0,1983.56
2840,0,799.16
2841,0,732.45
2842,0,0
2843,0,2350.25
2844,0,2659.57
2845,0,941.72
2846,0,940.12
2847,0,1107.22
2848,0,716.95
2849,0,0
2850,0,0
2851,0,0
2852,0,578.54
2853,0,0
2854,0,333.72
2855,0,354.86
2856,0,290.32
2857,0,169.15
2858,0,0
2859,0,543.48
2860,0,470.48
2861,0,565.93
2862,0,0
2863,0,0
2864,0,297.35
2865,0,0
2866,0,159.57
2867,0,174.76
2868,0,161.34
2869,54.76,302.57
2870,553.4,189.43
2871,1828.15,207.21
2872,1301.29,385.58
2873,0,490.36
2874,1040.58,0
2875,1085.73,0
2876,0,0
2877,64.27,0
2878,481.23,0
2879,0,0
2880,0,4102.56
2881,294.55,0
2882,1858.3,699.79
2883,375.47,0
2884,664.97,1033.06
2885,196.81,0
2886,959.23,0
2887,354.65,2548.85
2888,561.39,1557.63
2889,1131.22,446.83
2890,186.57,0
2891,1122.16,0
2892,4225.35,2374.36
2893,974.87,0
2894,2074.69,0
2895,0,0
2896,130.01,0
2897,0,0
2898,0,355.75
2899,0,0
2900,1929.01,0
2901,935.54,0
2902,1472.84,0
2903,1281.36,2207.51
2904,0,1518.6
2905,1566.31,1068.66
2906,168.55,243.72
2907,2036.36,1754.39
2908,728.47,617.79
2909,2557.54,593.82
2910,0,1257.39
2911,604.1,1113.76
2912,383.17,2263.72
2913,832.29,0
2914,199.76,1692.83
2915,0,1802.62
2916,199.86,444.94
2917,908.84,308.02
2918,0,1983.41
2919,428.28,0
2920,898.47,1145.48
2921,562.59,651.18
2922,572.5,1148.55
2923,108.72,0
2924,446.23,0
2925,344.81,632.71
2926,730.5,0
2927,168.49,1702.13
2928,153.62,3205.13
2929,3310.04,0
2930,752.45,714.29
2931,1914.49,0
2932,837.07,1248.33
2933,1504.51,0
2934,1028.81,267.12
2935,593.3,967.12
2936,1055.86,0
2937,1163.96,1104.28
2938,0,0
2939,830.16,1715.27
2940,1126.42,0
2941,804.43,0
2942,2694.89,0
2943,1749.27,1179.25
2944,1178.2,0
2945,1970.59,0
2946,1133.79,1578.08
2947,476.76,2402.4
2948,743.86,756.72
2949,385.92,0
2950,589.92,2738.65
2951,479.62,489.72
2952,149.63,1104.36
2953,683.88,613.12
2954,0,1125.49
2955,0,0
2956,741.79,530.36
2957,952.11,3827.75
2958,1068.04,131.08
2959,1895.24,818.5
2960,1264.06,513.08
2961,976.93,1684.21
2962,1845.29,5177.99
2963,2013.29,0
2964,0,496.52
2965,975.6,0
2966,901.85,0
2967,928.95,787.71
2968,1134.11,3933.91
2969,3527.34,3119.52
2970,1256.83,637.48
2971,229.22,1845.02
2972,764.82,0
2973,1774.74,1711.35
2974,1491.89,2440.21
2975,2134.24,2806.36
2976,1642.04,0
2977,3944.03,0
2978,2443.49,1220.01
2979,1247.66,0
2980,1325.4,0
2981,0,1037.58
2982,781.81,182.98
2983,742.31,0
2984,600.84,1291.32
2985,18099.55,591.98
2986,1709.98,0
2987,0,0
2988,0,567.71
2989,395.53,1565.37
2990,1382.56,1319.26
2991,675.22,0
2992,881.32,0
2993,934.66,0
2994,392.39,1857.59
2995,2776.69,3884.75
2996,230.61,0
2997,2728.71,1160.43
2998,750.85,1687.53
2999,1188.12,0
3000,1204.63,1857.69
3001,0,441.11
3002,657,0
3003,277.78,0
3004,419.92,2277.04
3005,1187.11,251.45
3006,910.75,0
3007,1260.72,2348.99
3008,0,0
3009,1052.04,1176.16
3010,358.31,243.9
3011,204.87,1332.45
3012,556.96,1253.92
3013,431.53,0
3014,1451.7,654.45
3015,1614.21,0
3016,1838.86,0
3017,917.43,0
3018,3829.49,1926.78
3019,1569.04,1602.56
3020,547.95,1013.68
3021,0,0
3022,1272.44,0
3023,1309.87,0
3024,688.54,0
3025,1497.89,0
3026,1268.86,0
3027,2717.39,0
3028,1275.69,0
3029,1257.63,0
3030,2321.96,0
3031,2803.73,0
3032,48.12,0
3033,0,0
3034,1123,0
3035,836.83,0
3036,623.86,0
3037,1592.19,0
3038,3316.75,0
3039,3428.57,0
3040,0,0
3041,0,0
3042,164.65,0
3043,3265.93,0
3044,1232.46,0
3045,2438.75,0
3046,2676.48,0
3047,0,0
3048,1882.45,0
3049,904.49,1510.57
3050,373.04,0
3051,1665.14,0
3052,2066.06,0
3053,1972.39,0
3054,1368.61,0
3055,0,0
3056,1159,0
3057,0,0
3058,618.05,0
3059,0,598.27
3060,0,0
3061,1646.75,0
3062,1319.79,0
3063,0,184.59
3064,827.44,0
3065,1816.44,0
3066,1174.05,0
3067,1079.26,0
3068,1185.15,0
3069,973.08,0
3070,1519.83,0
3071,1045.48,0
3072,502.26,0
3073,916.59,266.57
3074,593.65,1833.37
3075,594.11,799.47
3076,0,939.25
3077,0,0
3078,0,919.75
3079,412.94,1860.47
3080,361.53,3346.97
3081,1816.05,1510.36
3082,1985.28,636.46
3083,2595.77,1101.32
3084,1037.94,3327.79
3085,179.22,0
3086,1323.45,0
3087,598.09,3913.89
3088,1239.3,2103.05
3089,2057.46,850.52
3090,1426.51,924.21
3091,445.39,1816.1
3092,300.84,0
3093,1600,3322.26
3094,1312.21,259.27
3095,1189.53,487.96
3096,496.28,1438.25
3097,985.8,0
3098,3488.13,0
3099,1029.01,0
3100,994.73,0
3101,2011.38,3349.46
3102,1179.86,2744.24
3103,922.08,979.43
3104,959.23,2145.92
3105,513.95,828.5
3106,248.77,653.88
3107,565.12,1587.72
3108,694.16,0
3109,301.75,2071.95
3110,184.89,0
3111,1121.53,1044.39
3112,1048.77,929.37
3113,747.1,3200
3114,1458.26,0
3115,407.08,1739.13
3116,1697.09,3139.72
3117,3223.68,1353.98
3118,1499.73,1333.93
3119,895.26,549.6
3120,1447.15,0
3121,588.58,1478.18
3122,1820.07,0
3123,1566.52,0
3124,1011.71,932.84
3125,373.17,0
3126,986.34,0
3127,1275.65,964.21
3128,859.79,0
3129,108.52,0
3130,1439.54,0
3131,412.57,0
3132,1563.97,0
3133,910.23,0
3134,3140.7,0
3135,713.62,0
3136,1491.8,0
3137,844.51,0
3138,162.18,0
3139,678.41,0
3140,279.88,0
3141,1492.22,0
3142,708.97,0
3143,1110.23,0
3144,947.87,0
3145,300,0
3146,1110.33,0
3147,1241.84,0
3148,1314.18,0
3149,1049.32,0
3150,544.12,0
3151,780.03,0
3152,780.64,0
3153,1035.79,0
3154,1117.26,0
3155,0,0
3156,1782.53,0
3157,0,0
3158,0,0
3159,0,0
3160,2299.51,0
3161,1226.99,0
3162,0,0
3163,0,0
3164,0,372.72
3165,4379.19,0
3166,980.87,0
3167,1887.54,0
3168,1983.86,0
3169,0,0
3170,591.72,0
3171,3497.23,0
3172,2629.44,0
3173,0,0
3174,1054.3,0
3175,0,0
3176,1753.02,0
3177,240.95,0
3178,355.76,0
3179,548.77,0
3180,8.88,0
3181,1750.07,0
3182,228.3,0
3183,189.17,0
3184,638.98,4612.55
3185,2029.53,0
3186,56.22,0
3187,0,0
3188,2111.8,0
3189,584.64,2714.63
3190,709.97,1633.99
3191,1218.71,607.16
3192,846.88,2714.23
3193,494.67,0
3194,1235.66,1309.76
3195,0,0
3196,0,674.31
3197,0,1168.68
3198,0,1739.13
3199,425.44,0
3200,1522.19,1612.9
3201,1233.64,0
3202,909.41,0
3203,1469,0
3204,1370.43,0
3205,1602.16,0
3206,0,0
3207,4555.81,0
3208,4119.14,0
3209,2513.46,0
3210,2169.2,0
3211,2182.07,0
3212,2127.66,0
3213,1725.09,0
3214,4040.78,0
3215,1876.63,0
3216,2507.84,551.57
3217,1605.89,549.15
3218,507.97,32.94
3219,1156.7,0
3220,908.6,0
3221,1380.69,0
3222,740.89,0
3223,1284.17,1955.67
3224,879.78,0
3225,1003.12,0
3226,739.44,1370.47
3227,480.19,0
3228,1379.73,0
3229,157.8,1222.49
3230,0,0
3231,3095.98,1278.77
3232,1796.56,2098.64
3233,1192.18,1103.14
3234,1345.64,0
3235,0,0
3236,713.95,1485
3237,563.25,669.52
3238,105.61,0
3239,0,0
3240,866.55,0
3241,483.79,593.12
3242,0,0
3243,310.3,0
3244,0,0
3245,1601.55,1192.84
3246,1631.16,1365.6
3247,1246.48,532.58
3248,863.81,0
3249,377.93,1409.1
3250,1268.15,0
3251,1109.47,0
3252,428.6,2409.64
3253,1219.76,629.72
3254,156.25,2319.51
3255,1014.99,2378.12
3256,880.65,768.27
3257,0,0
3258,249.8,2701.13
3259,1260.7,3484.32
3260,578.19,593.47
3261,1155.53,2861.23
3262,732.55,927.08
3263,367.61,328.41
3264,0,1888.19
3265,1930.15,273.45
3266,1267.31,0
3267,0,2795.25
3268,1305.06,1198.85
3269,1533.82,1303.78
3270,612.32,644.56
3271,2343.75,898.07
3272,0,1007.19
3273,961.29,0
3274,1310.71,0
3275,372.53,1441.61
3276,1615.62,1626.9
3277,490.73,587.66
3278,0,1355.08
3279,0,850.52
3280,0,1635.13
3281,1098.34,459.35
3282,2245.3,1235.4
3283,1188.52,803.77
3284,986.19,0
3285,1447.42,0
3286,1021.45,1355.63
3287,0,581.4
3288,331.56,0
3289,0,1749.02
3290,6.94,477.83
3291,289.39,2663.12
3292,0,1194.39
3293,606.06,853.24
3294,822.95,0
3295,2883.04,0
3296,1070.61,0
3297,0,951.47
3298,882.61,0
3299,948.77,2265.13
3300,4073.43,1804.62
3301,1232.94,1001
3302,693.48,1895.73
3303,0,93.2
3304,0,0
3305,659.2,0
3306,0,0
3307,0,579.37
3308,746.83,2994.01
3309,0,1649.86
3310,1553.2,1589.46
3311,1462.94,888.78
3312,0,2222.22
3313,713.27,902.78
3314,0,6000.71
3315,841.28,2923.98
3316,262.04,0
3317,370.1,1428.57
3318,970.04,1019.89
3319,727.64,266.84
3320,1138.95,5240.17
3321,2104.48,0
3322,0,499.5
3323,937.5,591.02
3324,1530.61,2294.85
3325,1539.65,0
3326,299.76,2435.06
3327,412.54,0
3328,1396,544.29
3329,1809.41,0
3330,654.54,92.76
3331,317.88,691.09
3332,969.93,0
3333,614.5,1041.4
3334,495.15,6024.1
3335,459.24,929.37
3336,920.81,2070.39
3337,0,0
3338,718.24,2808.99
3339,445.49,1212.12
3340,0,2173.91
3341,0,0
3342,0,1045.3
3343,0,3424.66
3344,0,2581.76
3345,0,0
3346,630.88,622.28
3347,0,1932.99
3348,793.02,1305.5
3349,1268.23,0
3350,4680.19,0
3351,584.83,873.36
3352,2308.94,514.93
3353,1199.04,1547.36
3354,0,2688.71
3355,0,2597.6
3356,1341.38,0
3357,0,2697.24
3358,0,0
3359,1247.66,0
3360,0,0
3361,0,0
3362,806,3148.08
3363,1257.14,258.06
3364,817.45,0
3365,1000,0
3366,9124.09,1500.75
3367,487.83,0
3368,0,571.76
3369,0,571.1
3370,0,0
3371,0,2029.43
3372,0,2751.03
3373,0,1746.22
3374,0,2216.07
3375,0,1652.27
3376,0,524.38
3377,0,0
3378,0,0
3379,0,0
3380,1314.06,0
3381,0,0
3382,0,509.04
3383,0,0
3384,838.57,326.26
3385,530.41,0
3386,0,614.14
3387,2648.7,0
3388,302.21,2265.51
3389,0,564.33
3390,0,284.5
3391,0,0
3392,542.01,0
3393,159.77,0
3394,197.12,1453.49
3395,333,2983.29
3396,460.95,0
3397,2631.01,1773.05
3398,689.9,0
3399,1087,703.98
3400,0,1267.43
3401,0,0
3402,1698.75,822.71
3403,1496.57,359.32
3404,440.29,0
3405,1341.18,0
3406,458.77,1082.61
3407,451.57,216.11
3408,1381.14,89.67
3409,2166.42,390.17
3410,152.76,0
3411,822.37,0
3412,536.5,1252.82
3413,1297.62,749.17
3414,1655.52,835.02
3415,1271.36,1892.63
3416,1711.13,838.22
3417,350.54,0
3418,772.2,2724.8
3419,1058.81,617.39
3420,1584.79,1379.31
3421,514.76,767.46
3422,0,0
3423,891.27,1680.2
3424,1172.95,589.28
3425,1655.06,3445.67
3426,0,440.33
3427,2094.43,0
3428,121.75,294.43
3429,70.2,0
3430,0,1511.49
3431,0,0
3432,0,1218.65
3433,331.35,259.93
3434,0,548.85
3435,2307.95,0
3436,1158.3,863.86
3437,715.51,3164.56
3438,253.8,874.51
3439,866.03,479.9
3440,647.96,343.91
3441,1050.48,0
3442,0,406.01
3443,380.66,439.56
3444,0,2966.1
3445,0,236.72
3446,2672.69,1442.31
3447,0,418.18
3448,0,461.89
3449,1192.42,822.37
3450,951.17,0
3451,1572.33,1005.82
3452,0,0
3453,0,0
3454,153.7,2310.06
3455,0,0
3456,403.05,1775.46
3457,1598.79,620.01
3458,0,1375.81
3459,691.19,441.5
3460,0,441.89
3461,503.02,512.03
3462,1418.76,2637.13
3463,1235.93,1396.65
3464,573.72,0
3465,1676.45,1725.03
3466,0,1733.1
3467,2172.49,0
3468,717.36,1014.29
3469,0,1823.34
3470,1882.2,0
3471,1828.42,0
3472,841.55,0
3473,1447.18,0
3474,938.44,1091.01
3475,1659.29,773.99
3476,0,1390.05
3477,904.22,1253.13
3478,691.09,1230.01
3479,3900.81,10416.67
3480,0,0
3481,0,553.4
3482,0,674.38
3483,0,0
3484,427.17,828.66
3485,0,0
3486,635.69,12658.23
3487,988.52,559.44
3488,4632.59,692.04
3489,1809.72,690.13
3490,3037.56,0
3491,691.43,0
3492,0,0
3493,221.53,0
3494,347.88,0
3495,409.7,0
3496,664.01,1189.06
3497,0,1480.38
3498,601.41,1166.62
3499,380.78,2496.88
3500,1400.56,1869.84
3501,1068.87,1114.83
3502,1483.81,1073.09
3503,949.97,1091.11
3504,1868.31,0
3505,903.61,0
3506,992.12,483.68
3507,0,1005.03
3508,659.51,3247.08
3509,1667.01,0
3510,7.13,6072.87
3511,0,0
3512,164.43,782.47
3513,400.64,997.36
3514,1263.42,3789.19
3515,447.95,909.44
3516,111.22,0
3517,180.46,2546.47
3518,346.02,887.31
3519,817.66,625.13
3520,765.38,1029.16
3521,734.58,2048.61
3522,431.32,1196.99
3523,1107.42,1313.2
3524,1297.21,0
3525,2893.98,0
3526,1009.58,4814.64
3527,1167.69,0
3528,1035.48,1075.25
3529,0,1730.23
3530,643.71,1906.28
3531,3602.06,147.28
3532,465.12,1733.1
3533,11066.51,280.9
3534,0,0
3535,1411.76,0
3536,1435.13,188.53
3537,884.96,231.85
3538,936.63,638.88
3539,1449.46,488.33
3540,1062.98,947.87
3541,1329.79,844.59
3542,761.89,0
3543,784.41,0
3544,1618.12,0
3545,4118.99,40.24
3546,223.51,215.61
3547,510.73,0
3548,1170.96,3960.4
3549,2091.61,0
3550,563.78,356.63
3551,202.46,287.66
3552,256.16,0
3553,714.29,2666.67
3554,360.27,1810.58
3555,0,370.64
3556,2551.79,1244.5
3557,1044.54,1272.71
3558,2899.39,234.96
3559,2824.13,0
3560,1953.89,1555.21
3561,1121.79,342.82
3562,601.38,583.43
3563,420.52,586.17
3564,683.8,1006.12
3565,912.17,849.16
3566,2458.74,1406.24
3567,4500.93,484.4
3568,1367.29,1121.7
3569,1642.53,522.63
3570,1853.91,2020.2
3571,2757.78,0
3572,598.21,0
3573,198.02,0
3574,519.35,724.64
3575,0,0
3576,1055.3,0
3577,2015.53,0
3578,1022.59,1396.65
3579,1742.74,977.52
3580,402.2,0
3581,655.95,246.4
3582,1124.99,0
3583,741.77,0
3584,1649.33,0
3585,1640.59,1883.9
3586,2114.59,0
3587,1762.47,0
3588,723.96,499.86
3589,416.84,8264.46
3590,974.88,863.31
3591,2038.74,0
3592,608.42,2102.31
3593,1269.73,2857.14
3594,1172.86,1846.72
3595,628.29,1885.01
3596,1680.57,3215.43
3597,470.92,812.25
3598,0,0
3599,1958.59,0
3600,1044.87,0
3601,974.83,0
3602,1694.92,1731.1
3603,773.21,1420.4
3604,2023.06,1354.17
3605,480.92,1567.98
3606,2298.5,0
3607,1282.17,474.38
3608,643.05,274.12
3609,856.47,0
3610,2116.36,0
3611,158.3,0
3612,1684.79,0
3613,2728.51,0
3614,1715.27,2960.04
3615,55.83,1375.33
3616,659.2,973.14
3617,0,0
3618,0,638.57
3619,0,638.57
3620,693,0
3621,1310.31,2868.85
3622,1750.82,0
3623,756.89,2884.62
3624,0,2481.39
3625,563.89,982.42
3626,0,1509.29
3627,0,704.97
3628,10538.64,653.35
3629,3386.45,0
3630,289.81,1325.1
3631,0,689.3
3632,1021.45,0
3633,0,0
3634,628.01,1532.57
3635,395.1,0
3636,517.87,0
3637,1147.91,1117.57
3638,2085.31,930.16
3639,1213.59,1615.32
3640,127.45,3303.16
3641,0,321.12
3642,0,1807.23
3643,410.52,1661.77
3644,1184.1,3062.58
3645,338.66,687.78
3646,373.41,2332.81
3647,181.26,0
3648,0,615.91
3649,1012.52,1726.17
3650,711.73,598.53
3651,1185.87,287.79
3652,860.86,0
3653,730.03,3022.22
3654,605.59,0
3655,1087.18,1906.27
3656,1058.01,504.41
3657,1003.06,0
3658,0,0
3659,492.73,0
3660,0,0
3661,0,0
3662,0,914.22
3663,1531.94,2701.79
3664,0,1159.29
3665,0,1644.74
3666,1158.46,288.43
3667,343.79,0
3668,481,0
3669,1290.88,0
3670,5574.14,250.69
3671,1715.05,1548.86
3672,437.03,0
3673,0,908.47
3674,512.82,0
3675,1395.78,854.7
3676,1036.81,435.16
3677,1324.59,371.2
3678,1517.68,1133.79
3679,1326.61,2638.52
3680,2659.93,2965.89
3681,1936.88,1405.21
3682,0,552.79
3683,374.25,0
3684,2203.11,268.1
3685,1446.48,0
3686,851.06,2369.67
3687,0,979.8
3688,804.14,4146.25
3689,214,904.57
3690,401.66,1068.66
3691,0,2757.68
3692,0,310.86
3693,1920.09,0
3694,580.97,447.86
3695,377.18,180.39
3696,857.63,0
3697,1613.03,0
3698,517.96,882.61
3699,0,0
3700,2362.05,1901.32
3701,2222.74,3462.11
3702,2671.25,603.14
3703,209.67,3067.44
3704,0,1260.88
3705,315.02,0
3706,0,2009.65
3707,1439.97,931.79
3708,1043.54,1606.24
3709,0,996.47
3710,169.49,1440.14
3711,5554.04,1230.85
3712,1222.84,164.58
3713,1026.83,647.67
3714,1437.23,1265.82
3715,1355.5,1767.65
3716,248.88,372.3
3717,1436.3,0
3718,1232.57,0
3719,1198.37,0
3720,1606.43,0
3721,2070.39,0
3722,3427.56,0
3723,2067.72,0
3724,430.71,0
3725,809.72,0
3726,49.09,0
3727,924.64,0
3728,311.24,0
3729,884.68,0
3730,2056.26,0
3731,2508.81,1761.6
3732,1359.7,0
3733,582.92,0
3734,189.93,0
3735,0,1103.75
3736,3234.15,0
3737,639.93,0
3738,537.57,0
3739,968.06,0
3740,377.8,0
3741,0,0
3742,1295.82,0
3743,1438.66,0
3744,2103.26,990.1
3745,1839.5,0
3746,474.82,0
3747,559.32,1184.75
3748,529.17,1677.85
3749,594.04,0
3750,0,0
3751,1802.48,2002.05
3752,1467.35,833.16
3753,1776.2,648.68
3754,1813.99,1631.41
3755,790.97,1529.44
3756,555.65,1624.59
3757,0,1381.22
3758,0,0
3759,0,1146.35
3760,2809.98,588.58
3761,0,629.92
3762,0,2756.2
3763,0,0
3764,0,0
3765,0,0
3766,517.2,0
3767,1863.54,0
3768,945.5,0
3769,1897.74,0
3770,1087.06,719.94
3771,358.23,1276.14
3772,0,3338.28
3773,1218.82,0
3774,0,755
3775,1156.82,1039.99
3776,1154.54,0
3777,1121.08,0
3778,711.11,857.85
3779,527.12,0
3780,674.61,0
3781,385.36,7590.13
3782,0,1320.31
3783,2151.46,613.93
3784,0,0
3785,748.55,224.01
3786,1685.12,5128.81
3787,1709.4,0
3788,1715.27,426.8
3789,0,0
3790,1119.88,2222.22
3791,811.63,226.35
3792,205.19,344.56
3793,1525.17,0
3794,279.96,678.99
3795,387.05,0
3796,0,1132.18
3797,499.13,898.74
3798,603.09,1831.23
3799,1819.76,6210.72
3800,909.92,2423.17
3801,998.4,1562.5
3802,259.94,0
3803,243.79,0
3804,479.5,2138.02
3805,0,1195.46
3806,1124.99,835.42
3807,238.38,2132.2
3808,0,616.9
3809,657.63,0
3810,0,450.73
3811,0,0
3812,726.08,0
3813,0,4551.1
3814,0,3685.5
3815,2184.7,3888.02
3816,0,0
3817,505.76,1495.33
3818,668.06,802.25
3819,52.8,1262.45
3820,548.36,302.13
3821,107,788.02
3822,728.73,1654.26
3823,0,1666.67
3824,459.98,3758.11
3825,230.44,768.05
3826,265.44,0
3827,1558.36,0
3828,0,0
3829,50.66,0
3830,0,1341.2
3831,0,495.29
3832,838.75,0
3833,0,843.88
3834,219.45,0
3835,403.57,450.73
3836,0,1045.15
3837,810.15,2069.17
3838,808.25,2058.62
3839,0,1451.12
3840,1180.91,1310.62
3841,818.64,1091.7
3842,842.71,1190.9
3843,1906.22,6309.15
3844,2193.67,0
3845,1436.41,0
3846,729.29,1769.91
3847,1165.84,0
3848,1096.6,1324.94
3849,476.87,0
3850,638.31,1490.31
3851,2648.37,5464.48
3852,860.15,1560.06
3853,4212.23,4149.38
3854,914.02,476.19
3855,1033.76,0
3856,746.6,2444.99
3857,0,929.37
3858,1364.35,1612.9
3859,1109.59,1253.92
3860,851.13,1615.51
3861,2887.79,4790.42
3862,0,2762.43
3863,1275.51,636.21
3864,661.52,1162.34
3865,910.13,1332.98
3866,1617.25,0
3867,2040.82,1302.08
3868,966.21,1035.2
3869,697.59,1934.24
3870,557.52,0
3871,177.49,0
3872,1561.52,1042.21
3873,1061.01,0
3874,702.74,4188.48
3875,522.19,0
3876,0,0
3877,1448.86,1549.79
3878,2264.64,3129.89
3879,984.67,830.7
3880,1361.32,620.35
3881,491.89,0
3882,558.66,3539.82
3883,1506.59,629.86
3884,1561.33,0
3885,707.5,0
3886,0,0
3887,557.72,0
3888,3323.84,0
3889,368.8,0
3890,324.78,0
3891,0,0
3892,488.11,0
3893,1125.04,0
3894,213.56,698.81
3895,1007.05,1310.62
3896,0,1043.84
3897,171.29,168.01
3898,1150.48,0
3899,384.32,0
3900,0,0
3901,0,0
3902,1250.63,1434.72
3903,267.72,1360.54
3904,1220.7,0
3905,774.47,1724.14
3906,662.03,0
3907,584.84,837.87
3908,1582.25,0
3909,1494.93,2100.84
3910,1673.13,1798.56
3911,0,4468.28
3912,622.54,957.85
3913,1892.23,0
3914,0,921.66
3915,759.75,339.44
3916,444.3,153.19
3917,1408.26,1589.83
3918,1295.15,1766
3919,1546.52,0
3920,776.2,0
3921,0,1007.05
3922,251.64,504.8
3923,1129.44,952.38
3924,1335.92,0
3925,365.63,3460.21
3926,2621.23,0
3927,722.28,628.14
3928,825.08,0
3929,1606.82,0
3930,1179.25,1141.55
3931,2491.78,0
3932,569.37,0
3933,188.32,0
3934,0,2403.85
3935,663.06,0
3936,0,0
3937,1600.26,0
3938,193.95,0
3939,3378.38,2125.4
3940,1003.96,1912.05
3941,650.11,0
3942,662.36,2713.7
3943,2171.22,931.1
3944,335.85,4494.38
3945,1057.42,4750.59
3946,1426.82,1779.36
3947,599.88,0
3948,1817.02,0
3949,1834.89,177.68
3950,1336.9,0
3951,989.61,0
3952,1437.61,0
3953,350.55,1157.41
3954,619.39,1183.43
3955,1238.28,0
3956,650.52,0
3957,903.34,0
3958,1370.91,1019.37
3959,0,0
3960,542.59,825.78
3961,0,1392.59
3962,944.78,0
3963,811.69,0
3964,2078.65,3636.36
3965,0,2262.44
3966,532.77,1934.24
3967,0,0
3968,1818.18,0
3969,0,0
3970,2179.21,0
3971,0,0
3972,0,2762.43
3973,0,0
3974,913.8,3620.56
3975,0,0
3976,1288.66,0
3977,0,3562.95
3978,556.65,2285.71
3979,0,0
3980,2343.02,1000.92
3981,0,1798.16
3982,0,1066.1
3983,0,0
3984,2228.07,0
3985,221.39,4357.3
3986,805.15,0
3987,957.63,724.99
3988,1790.25,1154.73
3989,1945.53,1793.04
3990,0,1081.08
3991,2880.66,891.27
3992,1579.05,487.29
3993,672.68,0
3994,1230.66,0
3995,1187.52,2772.64
3996,2170.27,263.1
3997,1057.48,4366.81
3998,0,0
3999,1514,0
4000,317.36,0
4001,528.17,0
4002,1693.37,0
4003,3192.23,0
4004,1027.05,1736.11
4005,2824.98,419.49
4006,1593.06,0
4007,0,0
4008,0,0
4009,3261.58,0
4010,1619,787.4
4011,688.67,940.73
4012,513.08,2181.03
4013,1235.71,1187.65
4014,0,1736.11
4015,0,1438.85
4016,560.43,3112.84
4017,1055.97,4255.32
4018,5291.01,0
4019,1634.05,3232.76
4020,1335.11,1261.83
4021,473.78,1625.83
4022,1585.96,2185.79
4023,2161.68,1117.32
4024,1379.34,0
4025,1379.55,2466.09
4026,1122.59,1275.51
4027,1673.54,0
4028,1351.35,0
4029,2907.97,1187.65
4030,991.08,916.59
4031,2820.44,4761.9
4032,870.48,1291.16
4033,5972.82,0
4034,837.41,286.2
4035,305.63,0
4036,1544.1,0
4037,1424.67,3911.34
4038,998.58,2244.67
4039,924.97,1569.86
4040,3488.42,3355.7
4041,3202.53,1770.69
4042,2089.69,0
4043,753.49,4424.78
4044,2168.05,0
4045,255.25,2200.7
4046,668,0
4047,1086.25,0
4048,379.1,0
4049,2521.39,7874.02
4050,1878.16,961.54
4051,0,3067.48
4052,394.63,2683.36
4053,947.87,1713.42
4054,1468.72,0
4055,889.92,943.69
4056,0,0
4057,1711.61,854.7
4058,1197.6,0
4059,1248.44,934.58
4060,203.42,6546.64
4061,1586.32,683.99
4062,989.06,2967.36
4063,1303.78,0
4064,0,0
4065,0,2212.39
4066,591.1,0
4067,762.17,1286.94
4068,8160.72,0
4069,3288.75,10688.84
4070,3969.47,0
4071,1133.47,0
4072,1520.8,0
4073,1047.22,0
4074,1195.38,0
4075,2080.78,0
4076,1058.1,0
4077,0,412.03
4078,722.05,0
4079,874.89,0
4080,1741.82,0
4081,591.72,0
4082,1184.83,0
4083,1011.8,0
4084,1055.97,0
4085,521.38,0
4086,2056.4,0
4087,1297.86,0
4088,241.14,0
4089,261.15,0
4090,183.89,0
4091,657.84,0
4092,829.32,0
4093,238.32,0
4094,928.31,0
4095,1372.43,0
4096,1314.89,0
4097,2098.75,0
4098,543.83,0
4099,1483.03,0
4100,811.23,0
4101,608.4,0
4102,307.41,0
4103,1632.3,0
4104,387.41,0
4105,526.64,0
4106,620.68,0
4107,964.6,0
4108,908.6,0
4109,660.15,0
4110,1050.09,0
4111,961.88,0
4112,151.72,0
4113,924.62,3105.59
4114,865.16,12006.86
4115,0,2317.5
4116,43.63,1172.73
4117,1018.01,0
4118,977.52,0
4119,950.57,1418.44
4120,0,1577.29
4121,2254.56,1236.09
4122,1750.63,2171.55
4123,1392.39,1870.91
4124,850.23,773.99
4125,522.58,2512.56
4126,1539.68,1394.7
4127,1770.38,1431.64
4128,589.59,0
4129,2207.95,745.43
4130,714,0
4131,867.84,0
4132,626.96,0
4133,1486.59,0
4134,0,0
4135,127.39,0
4136,2072.78,0
4137,0,0
4138,0,0
4139,0,0
4140,220.31,0
4141,2363.37,0
4142,1563.31,0
4143,1893.94,3512.88
4144,2151.74,1177.3
4145,0,0
4146,2032.52,599.88
4147,1748.92,0
4148,1146.91,0
4149,727.54,0
4150,2237.14,696.62
4151,874.99,0
4152,1045.3,0
4153,587.2,1179.25
4154,1797.68,3597.12
4155,1209.19,1360.54
4156,535.68,270.34
4157,436.4,447.63
4158,0,0
4159,1593.88,0
4160,1455.43,0
4161,645.99,1652.89
4162,0,4624.28
4163,2200.32,0
4164,850.1,1086.96
4165,3102.46,1829.27
4166,1703.02,0
4167,1821.7,559.13
4168,2040.82,0
4169,1181.98,0
4170,467.71,1351.35
4171,2248.74,6869.48
4172,730.46,928.32
4173,1227.75,5605.38
4174,2158.67,0
4175,1396.94,463.18
4176,1133.27,0
4177,401.7,1605.14
4178,0,0
4179,152.33,1745.2
4180,251.32,1412.43
4181,946.52,0
4182,812.04,0
4183,2252.39,0
4184,506.02,1910.83
4185,1012.38,0
4186,1737.96,0
4187,292.23,3105.59
4188,1633.99,0
4189,711.46,0
4190,531.91,0
4191,596.24,0
4192,975.93,2544.53
4193,1946.79,409.92
4194,1002.03,1530.22
4195,1788.43,699.95
4196,1086.37,0
4197,1312.06,0
4198,1235.38,210.26
4199,0,2030.2
4200,0,0
4201,0,0
4202,0,0
4203,580.72,0
4204,295.12,1145.22
4205,629.72,948.87
4206,517.46,0
4207,788.02,0
4208,2548.06,0
4209,890.21,0
4210,2291.83,0
4211,0,0
4212,1880.41,0
4213,0,0
4214,158.16,0
4215,1841.62,0
4216,0,282.7
4217,0,0
4218,1673.64,0
4219,0,1173.71
4220,1029.87,821.86
4221,0,796.05
4222,748.5,4750.11
4223,1492.74,668.7
4224,903.14,0
4225,1555.21,0
4226,1085.89,1228.5
4227,0,1073.99
4228,189.83,
4229,0,
4230,0,
4231,2023.17,
4232,0,
4233,0,
4234,0,
4235,0,
4236,0,
4237,0,
4238,803.86,
4239,0,
4240,1249.52,
4241,0,
4242,0,
4243,0,
4244,0,
4245,0,
4246,0,
4247,0,
4248,0,
4249,0,
4250,0,
4251,1040.58,
4252,0,
4253,294.64,
4254,0,
4255,0,
4256,1600,
4257,1600,
4258,3901.17,
4259,0,
4260,0,
4261,0,
4262,0,
4263,0,
4264,0,
4265,1051.52,
4266,0,
4267,0,
4268,0,
4269,647.25,
4270,0,
4271,0,
4272,945.85,
4273,425.3,
4274,667.82,
4275,507.2,
4276,596.46,
4277,282.49,
4278,0,
4279,1274.23,
4280,973.65,
4281,2656.04,
4282,3762.94,
4283,2268.15,
4284,0,
4285,2369.67,
4286,42.79,
4287,861.16,
4288,761.06,
4289,346.5,
4290,1188.4,
4291,737.46,
4292,0,
4293,1863.26,
4294,2176.28,
4295,0,
4296,0,
4297,0,
4298,1015.92,
4299,705.72,
4300,0,
4301,865.55,
4302,2367.03,
4303,1714.96,
4304,2345.58,
4305,0,
4306,1877.93,
4307,557.64,
4308,1020.41,
4309,1993.58,
4310,471.98,
4311,884.96,
4312,0,
4313,0,
4314,0,
4315,0,
4316,0,
4317,0,
4318,297.97,
4319,0,
4320,0,
4321,972.18,
4322,349.16,
4323,1382.92,
4324,1260.04,
4325,724.7,
4326,406.09,
4327,0,
4328,997.51,
4329,0,
4330,0,
4331,2190.58,
4332,0,
4333,0,
4334,0,
4335,0,
4336,884.14,
4337,885.54,
4338,4170.14,
4339,2383.53,
4340,1187.15,
4341,814.33,
4342,1217.68,
4343,1651.27,
4344,780.44,
4345,0,
4346,0,
4347,460.05,
4348,1803.36,
4349,459.14,
4350,0,
4351,0,
4352,448.43,
4353,0,
4354,239.65,
4355,1738,
4356,535.05,
4357,0,
4358,1472.36,
4359,1839.36,
4360,911.69,
4361,1845.32,
4362,850.26,
4363,0,
4364,1321.42,
4365,1068.11,
4366,1302.25,
4367,0,
4368,1623.17,
4369,1610.48,
4370,722.02,
4371,434.62,
4372,0,
4373,0,
4374,0,
4375,0,
4376,0,
4377,0,
4378,0,
4379,0,
4380,2139.15,
4381,1244.34,
4382,406.19,
4383,398.31,
4384,856.67,
4385,1067.31,
4386,1068.49,
4387,404.68,
4388,0,
4389,1167.02,
4390,2035.38,
4391,1078.6,
4392,160.8,
4393,1165.95,
4394,2498.44,
4395,379.51,
4396,674.65,
4397,1909.61,
4398,1676.26,
4399,800.58,
4400,419.52,
4401,648.37,
4402,232.36,
4403,2791.7,
4404,1608.47,
4405,0,
4406,985.22,
4407,290.28,
4408,2634.51,
4409,866.55,
4410,0,
4411,2383.79,
4412,1025.51,
4413,958.26,
4414,513.99,
4415,1256.6,
4416,3502.63,
4417,0,
4418,3620.14,
4419,616.14,
4420,2152.85,
4421,651.16,
4422,751.03,
4423,490.99,
4424,1319.26,
4425,1030.53,
4426,887.11,
4427,431.41,
4428,1073.23,
4429,886,
4430,0,
4431,1866.04,
4432,396.65,
4433,4444.44,
4434,632.11,
4435,2616.4,
4436,0,
4437,0,
4438,4659.83,
4439,0,
4440,0,
4441,1246.13,
4442,0,
4443,402.37,
4444,1012.48,
4445,0,
4446,2630.95,
4447,0,
4448,2977.41,
4449,715.25,
4450,0,
4451,1378.08,
4452,527.98,
4453,3353.34,
4454,1827.49,
4455,0,
4456,536.14,
4457,1423.15,
4458,856.9,
4459,2351.83,
4460,383.63,
4461,1405.11,
4462,0,
4463,649.1,
4464,204.85,
4465,1936.47,
4466,0,
4467,0,
4468,387.45,
4469,0,
4470,676.44,
4471,578.37,
4472,0,
4473,0,
4474,1086.27,
4475,360.36,
4476,0,
4477,0,
4478,1520.62,
4479,674.42,
4480,2511.83,
4481,926.35,
4482,0,
4483,459.24,
4484,0,
4485,0,
4486,1618.71,
4487,0,
4488,1908.4,
4489,2265.86,
4490,369.88,
4491,2555.44,
4492,1273.52,
4493,1818.67,
4494,443.85,
4495,0,
4496,0,
4497,1322.75,
4498,899.82,
4499,1050.35,
4500,3152.92,
4501,1122.96,
4502,1201.58,
4503,209.73,
4504,1183.98,
4505,1232.39,
4506,1163.24,
4507,1111.59,
4508,1107.97,
4509,895.26,
4510,0,
4511,675.9,
4512,936.93,
4513,0,
4514,807.1,
4515,0,
4516,1266.36,
4517,1261.56,
4518,186.34,
4519,0,
4520,3025.06,
4521,2354.79,
4522,0,
4523,0,
4524,0,
4525,0,
4526,0,
4527,0,
4528,0,
4529,0,
4530,0,
4531,0,
4532,1247.92,
4533,4237.29,
4534,0,
4535,1437.81,
4536,0,
4537,292.06,
4538,0,
4539,0,
4540,1727.92,
4541,801.92,
4542,0,
4543,3139.72,
4544,0,
4545,0,
4546,0,
4547,745.43,
4548,851.43,
4549,0,
4550,827.13,
4551,6220.84,
4552,342.23,
4553,1171.88,
4554,0,
4555,0,
4556,0,
4557,0,
4558,0,
4559,1773.05,
4560,886.79,
4561,0,
4562,0,
4563,5747.13,
4564,0,
4565,0,
4566,1264.22,
4567,0,
4568,248.51,
4569,0,
4570,6726.46,
4571,2173.91,
4572,991.96,
4573,0,
4574,0,
4575,0,
4576,0,
4577,0,
4578,984.99,
4579,1315.93,
4580,3770.03,
4581,0,
4582,2092.63,
4583,0,
4584,3521.13,
4585,2227.17,
4586,0,
4587,0,
4588,0,
4589,0,
4590,0,
4591,1732.1,
4592,1118.57,
4593,2066.12,
4594,0,
4595,908.76,
4596,1470.59,
4597,0,
4598,1356.85,
4599,837.92,
4600,374.53,
4601,0,
4602,958.77,
4603,0,
4604,1447.18,
4605,0,
4606,482.86,
4607,990.1,
4608,1492.54,
4609,0,
4610,434.69,
4611,878.73,
4612,0,
4613,338.98,
4614,0,
4615,0,
4616,2706.36,
4617,1582.28,
4618,0,
4619,499.92,
4620,0,
4621,716.23,
4622,0,
4623,0,
4624,0,
4625,0,
4626,0,
4627,1457.73,
4628,0,
4629,0,
4630,0,
4631,0,
4632,0,
4633,3129.89,
4634,0,
4635,717.36,
4636,0,
4637,1255.49,
4638,703.14,
4639,1090.51,
4640,637.4,
4641,1184.62,
4642,0,
4643,0,
4644,0,
4645,0,
4646,0,
4647,0,
4648,0,
4649,0,
4650,0,
4651,0,
4652,0,
4653,444.05,
4654,1953.13,
4655,0,
4656,0,
4657,0,
4658,1120.67,
4659,0,
4660,0,
4661,1091.53,
4662,2934.7,
4663,1059.32,
4664,2008.61,
4665,532.69,
4666,1477.1,
4667,0,
4668,1141.55,
4669,3418.8,
4670,1988.07,
4671,1149.43,
4672,0,
4673,0,
4674,0,
4675,0,
4676,0,
4677,404.04,
4678,2329.11,
4679,1437.01,
4680,1079.91,
4681,0,
4682,0,
4683,231.59,
4684,358.78,
4685,90,
4686,0,
4687,1885.06,
4688,931.22,
4689,2329.29,
4690,668.9,